,ID,C‡DIGO,EQUIPAMENTO,RESOLUÄ«O,CAPACIDADE,FABRICANTE,LOCAL,OPERADOR,CRITêRIO DE ACEITAÄ«O,UNIDADE DO CRITERIO DE ACEITAÄ«O,CERTIFICADO,NOMENCLATURA DO RESULTADO,ERRO,INCERTEZA DE MEDIÄ«O,RESULTADO,UNIDADE DO RESULTADO,DATA DA CALIBRAÄ«O,STATUS,PERIODICIDADE
0,1,PRO-067,Micrìmetro Externo Digital,"0,001mm","13 a 25 mm x 0,001 mm",Mitutoyo,o Instalaá‰es do cliente, ,0.005,mm,09982/22,"Mediá∆o Externa 0,000",0.0,0.002,0.002,mm,2022-03-28 00:00:00,OK,6
1,2,PRO-067,Micrìmetro Externo Digital,"0,001mm","13 a 25 mm x 0,001 mm",Mitutoyo,o Instalaá‰es do cliente, ,0.005,mm,09982/22,"Mediá∆o Externa 2,500",-0.001,0.002,0.001,mm,2022-03-28 00:00:00,OK,6
2,3,PRO-067,Micrìmetro Externo Digital,"0,001mm","13 a 25 mm x 0,001 mm",Mitutoyo,o Instalaá‰es do cliente, ,0.005,mm,09982/22,"Mediá∆o Externa 5,100",0.0,0.002,0.002,mm,2022-03-28 00:00:00,OK,6
3,4,PRO-067,Micrìmetro Externo Digital,"0,001mm","13 a 25 mm x 0,001 mm",Mitutoyo,o Instalaá‰es do cliente, ,0.005,mm,09982/22,"Mediá∆o Externa 7,700",-0.002,0.002,0.0,mm,2022-03-28 00:00:00,OK,6
4,5,PRO-067,Micrìmetro Externo Digital,"0,001mm","13 a 25 mm x 0,001 mm",Mitutoyo,o Instalaá‰es do cliente, ,0.005,mm,09982/22,"Mediá∆o Externa 10,300",0.001,0.002,0.003,mm,2022-03-28 00:00:00,OK,6
5,6,PRO-067,Micrìmetro Externo Digital,"0,001mm","13 a 25 mm x 0,001 mm",Mitutoyo,o Instalaá‰es do cliente, ,0.005,mm,09982/22,"Mediá∆o Externa 12,900",-0.001,0.002,0.001,mm,2022-03-28 00:00:00,OK,6
6,7,PRO-067,Micrìmetro Externo Digital,"0,001mm","13 a 25 mm x 0,001 mm",Mitutoyo,o Instalaá‰es do cliente, ,0.005,mm,09982/22,"Mediá∆o Externa 15,000",0.0,0.002,0.002,mm,2022-03-28 00:00:00,OK,6
7,8,PRO-067,Micrìmetro Externo Digital,"0,001mm","13 a 25 mm x 0,001 mm",Mitutoyo,o Instalaá‰es do cliente, ,0.005,mm,09982/22,"Mediá∆o Externa 17,600",0.003,0.002,0.005,mm,2022-03-28 00:00:00,OK,6
8,9,PRO-067,Micrìmetro Externo Digital,"0,001mm","13 a 25 mm x 0,001 mm",Mitutoyo,o Instalaá‰es do cliente, ,0.005,mm,09982/22,"Mediá∆o Externa 20,200",0.0,0.002,0.002,mm,2022-03-28 00:00:00,OK,6
9,10,PRO-067,Micrìmetro Externo Digital,"0,001mm","13 a 25 mm x 0,001 mm",Mitutoyo,o Instalaá‰es do cliente, ,0.005,mm,09982/22,"Mediá∆o Externa 22,800",0.0,0.002,0.002,mm,2022-03-28 00:00:00,OK,6
10,11,PRO-067,Micrìmetro Externo Digital,"0,001mm","13 a 25 mm x 0,001 mm",Mitutoyo,o Instalaá‰es do cliente, ,0.005,mm,09982/22,"Mediá∆o Externa 25,000",0.002,0.002,0.004,mm,2022-03-28 00:00:00,OK,6
11,12,PRO-067,Micrìmetro Externo Digital,"0,001mm","13 a 25 mm x 0,001 mm",Mitutoyo,o Instalaá‰es do cliente, ,0.00128,mm,09982/22,Erro de Planeza da Face Fixa,0.00032,0.0003,0.00062,mm,2022-03-28 00:00:00,OK,6
12,13,PRO-067,Micrìmetro Externo Digital,"0,001mm","13 a 25 mm x 0,001 mm",Mitutoyo,o Instalaá‰es do cliente, ,0.00128,mm,09982/22,Erro de Planeza da Face M¢vel,0.00032,0.0003,0.00062,mm,2022-03-28 00:00:00,OK,6
13,14,PRO-067,Micrìmetro Externo Digital,"0,001mm","13 a 25 mm x 0,001 mm",Mitutoyo,o Instalaá‰es do cliente, ,0.00128,mm,09982/22,Erro de Paralelismo das Faces,0.00064,0.0003,0.00094,mm,2022-03-28 00:00:00,OK,6
14,15,PRO-082,Micrìmetro Externo Digital,"0,001mm","0 a 25 mm x 0,001 mm",Mitutoyo,o Instalaá‰es do cliente, ,0.005,mm,10000/22,"Mediá∆o Externa 0,000",0.0,0.002,0.002,mm,2022-03-28 00:00:00,OK,6
15,16,PRO-082,Micrìmetro Externo Digital,"0,001mm","0 a 25 mm x 0,001 mm",Mitutoyo,o Instalaá‰es do cliente, ,0.005,mm,10000/22,"Mediá∆o Externa 2,500",0.004,0.002,0.006,mm,2022-03-28 00:00:00,NOK,6
16,17,PRO-082,Micrìmetro Externo Digital,"0,001mm","0 a 25 mm x 0,001 mm",Mitutoyo,o Instalaá‰es do cliente, ,0.005,mm,10000/22,"Mediá∆o Externa 5,100",0.001,0.002,0.003,mm,2022-03-28 00:00:00,OK,6
17,18,PRO-082,Micrìmetro Externo Digital,"0,001mm","0 a 25 mm x 0,001 mm",Mitutoyo,o Instalaá‰es do cliente, ,0.005,mm,10000/22,"Mediá∆o Externa 7,700",0.0,0.002,0.002,mm,2022-03-28 00:00:00,OK,6
18,19,PRO-082,Micrìmetro Externo Digital,"0,001mm","0 a 25 mm x 0,001 mm",Mitutoyo,o Instalaá‰es do cliente, ,0.005,mm,10000/22,"Mediá∆o Externa 10,300",0.0,0.002,0.002,mm,2022-03-28 00:00:00,OK,6
19,20,PRO-082,Micrìmetro Externo Digital,"0,001mm","0 a 25 mm x 0,001 mm",Mitutoyo,o Instalaá‰es do cliente, ,0.005,mm,10000/22,"Mediá∆o Externa 12,900",0.0,0.002,0.002,mm,2022-03-28 00:00:00,OK,6
20,21,PRO-082,Micrìmetro Externo Digital,"0,001mm","0 a 25 mm x 0,001 mm",Mitutoyo,o Instalaá‰es do cliente, ,0.005,mm,10000/22,"Mediá∆o Externa 15,000",0.0,0.002,0.002,mm,2022-03-28 00:00:00,OK,6
21,22,PRO-082,Micrìmetro Externo Digital,"0,001mm","0 a 25 mm x 0,001 mm",Mitutoyo,o Instalaá‰es do cliente, ,0.005,mm,10000/22,"Mediá∆o Externa 17,600",0.001,0.002,0.003,mm,2022-03-28 00:00:00,OK,6
22,23,PRO-082,Micrìmetro Externo Digital,"0,001mm","0 a 25 mm x 0,001 mm",Mitutoyo,o Instalaá‰es do cliente, ,0.005,mm,10000/22,"Mediá∆o Externa 20,200",0.0,0.002,0.002,mm,2022-03-28 00:00:00,OK,6
23,24,PRO-082,Micrìmetro Externo Digital,"0,001mm","0 a 25 mm x 0,001 mm",Mitutoyo,o Instalaá‰es do cliente, ,0.005,mm,10000/22,"Mediá∆o Externa 22,800",0.0,0.002,0.002,mm,2022-03-28 00:00:00,OK,6
24,25,PRO-082,Micrìmetro Externo Digital,"0,001mm","0 a 25 mm x 0,001 mm",Mitutoyo,o Instalaá‰es do cliente, ,0.005,mm,10000/22,"Mediá∆o Externa 25,000",0.0,0.002,0.002,mm,2022-03-28 00:00:00,OK,6
25,26,PRO-082,Micrìmetro Externo Digital,"0,001mm","0 a 25 mm x 0,001 mm",Mitutoyo,o Instalaá‰es do cliente, ,0.00128,mm,10000/22,Erro de Planeza da Face Fixa,0.00032,0.0003,0.00062,mm,2022-03-28 00:00:00,OK,6
26,27,PRO-082,Micrìmetro Externo Digital,"0,001mm","0 a 25 mm x 0,001 mm",Mitutoyo,o Instalaá‰es do cliente, ,0.00128,mm,10000/22,Erro de Planeza da Face M¢vel,0.0,0.0003,0.0003,mm,2022-03-28 00:00:00,OK,6
27,28,PRO-082,Micrìmetro Externo Digital,"0,001mm","0 a 25 mm x 0,001 mm",Mitutoyo,o Instalaá‰es do cliente, ,0.00128,mm,10000/22,Erro de Paralelismo das Faces,0.00032,0.0003,0.00062,mm,2022-03-28 00:00:00,OK,6
28,29,PRO-018,Micrìmetro Externo Digital,"0,001mm","0 a 25 mm x 0,001 mm",Mitutoyo,o Instalaá‰es do cliente, ,0.005,mm,09985/22,"Mediá∆o Externa 0,000",2.5,0.002,2.502,mm,2022-03-28 00:00:00,NOK,6
29,30,PRO-018,Micrìmetro Externo Digital,"0,001mm","0 a 25 mm x 0,001 mm",Mitutoyo,o Instalaá‰es do cliente, ,0.005,mm,09985/22,"Mediá∆o Externa 2,500",2.6,0.002,2.602,mm,2022-03-28 00:00:00,NOK,6
30,31,PRO-018,Micrìmetro Externo Digital,"0,001mm","0 a 25 mm x 0,001 mm",Mitutoyo,o Instalaá‰es do cliente, ,0.005,mm,09985/22,"Mediá∆o Externa 5,100",2.599,0.002,2.601,mm,2022-03-28 00:00:00,NOK,6
31,32,PRO-018,Micrìmetro Externo Digital,"0,001mm","0 a 25 mm x 0,001 mm",Mitutoyo,o Instalaá‰es do cliente, ,0.005,mm,09985/22,"Mediá∆o Externa 7,700",2.599,0.002,2.601,mm,2022-03-28 00:00:00,NOK,6
32,33,PRO-018,Micrìmetro Externo Digital,"0,001mm","0 a 25 mm x 0,001 mm",Mitutoyo,o Instalaá‰es do cliente, ,0.005,mm,09985/22,"Mediá∆o Externa 10,300",2.6,0.002,2.602,mm,2022-03-28 00:00:00,NOK,6
33,34,PRO-018,Micrìmetro Externo Digital,"0,001mm","0 a 25 mm x 0,001 mm",Mitutoyo,o Instalaá‰es do cliente, ,0.005,mm,09985/22,"Mediá∆o Externa 12,900",2.09,0.002,2.0919999999999996,mm,2022-03-28 00:00:00,NOK,6
34,35,PRO-018,Micrìmetro Externo Digital,"0,001mm","0 a 25 mm x 0,001 mm",Mitutoyo,o Instalaá‰es do cliente, ,0.005,mm,09985/22,"Mediá∆o Externa 15,000",2.6,0.002,2.602,mm,2022-03-28 00:00:00,NOK,6
35,36,PRO-018,Micrìmetro Externo Digital,"0,001mm","0 a 25 mm x 0,001 mm",Mitutoyo,o Instalaá‰es do cliente, ,0.005,mm,09985/22,"Mediá∆o Externa 17,600",2.6,0.002,2.602,mm,2022-03-28 00:00:00,NOK,6
36,37,PRO-018,Micrìmetro Externo Digital,"0,001mm","0 a 25 mm x 0,001 mm",Mitutoyo,o Instalaá‰es do cliente, ,0.005,mm,09985/22,"Mediá∆o Externa 20,200",2.6,0.002,2.602,mm,2022-03-28 00:00:00,NOK,6
37,38,PRO-018,Micrìmetro Externo Digital,"0,001mm","0 a 25 mm x 0,001 mm",Mitutoyo,o Instalaá‰es do cliente, ,0.005,mm,09985/22,"Mediá∆o Externa 22,800",2.2,0.002,2.202,mm,2022-03-28 00:00:00,NOK,6
38,39,PRO-018,Micrìmetro Externo Digital,"0,001mm","0 a 25 mm x 0,001 mm",Mitutoyo,o Instalaá‰es do cliente, ,0.005,mm,09985/22,"Mediá∆o Externa 25,000",0.0,0.002,0.002,mm,2022-03-28 00:00:00,OK,6
39,40,PRO-018,Micrìmetro Externo Digital,"0,001mm","0 a 25 mm x 0,001 mm",Mitutoyo,o Instalaá‰es do cliente, ,0.00128,mm,09985/22,Erro de Planeza da Face Fixa,0.00032,0.0003,0.00062,mm,2022-03-28 00:00:00,OK,6
40,41,PRO-018,Micrìmetro Externo Digital,"0,001mm","0 a 25 mm x 0,001 mm",Mitutoyo,o Instalaá‰es do cliente, ,0.00128,mm,09985/22,Erro de Planeza da Face M¢vel,0.00064,0.0003,0.00094,mm,2022-03-28 00:00:00,OK,6
41,42,PRO-018,Micrìmetro Externo Digital,"0,001mm","0 a 25 mm x 0,001 mm",Mitutoyo,o Instalaá‰es do cliente, ,0.00128,mm,09985/22,Erro de Paralelismo das Faces,0.00064,0.0003,0.00094,mm,2022-03-28 00:00:00,OK,6
42,43,PRO-066,Micrìmetro Externo Digital,"0,001mm","0 a 30 mm x 0,001 mm",Tesa,o Instalaá‰es do cliente, ,0.005,mm,09986/22,"Mediá∆o Externa 0,000",0.0,0.002,0.002,mm,2022-03-28 00:00:00,OK,6
43,44,PRO-066,Micrìmetro Externo Digital,"0,001mm","0 a 30 mm x 0,001 mm",Tesa,o Instalaá‰es do cliente, ,0.005,mm,09986/22,"Mediá∆o Externa 2,500",0.0,0.002,0.002,mm,2022-03-28 00:00:00,OK,6
44,45,PRO-066,Micrìmetro Externo Digital,"0,001mm","0 a 30 mm x 0,001 mm",Tesa,o Instalaá‰es do cliente, ,0.005,mm,09986/22,"Mediá∆o Externa 5,100",0.0,0.002,0.002,mm,2022-03-28 00:00:00,OK,6
45,46,PRO-066,Micrìmetro Externo Digital,"0,001mm","0 a 30 mm x 0,001 mm",Tesa,o Instalaá‰es do cliente, ,0.005,mm,09986/22,"Mediá∆o Externa 7,700",0.0,0.002,0.002,mm,2022-03-28 00:00:00,OK,6
46,47,PRO-066,Micrìmetro Externo Digital,"0,001mm","0 a 30 mm x 0,001 mm",Tesa,o Instalaá‰es do cliente, ,0.005,mm,09986/22,"Mediá∆o Externa 10,300",0.0,0.002,0.002,mm,2022-03-28 00:00:00,OK,6
47,48,PRO-066,Micrìmetro Externo Digital,"0,001mm","0 a 30 mm x 0,001 mm",Tesa,o Instalaá‰es do cliente, ,0.005,mm,09986/22,"Mediá∆o Externa 12,900",0.0,0.002,0.002,mm,2022-03-28 00:00:00,OK,6
48,49,PRO-066,Micrìmetro Externo Digital,"0,001mm","0 a 30 mm x 0,001 mm",Tesa,o Instalaá‰es do cliente, ,0.005,mm,09986/22,"Mediá∆o Externa 15,000",0.0,0.002,0.002,mm,2022-03-28 00:00:00,OK,6
49,50,PRO-066,Micrìmetro Externo Digital,"0,001mm","0 a 30 mm x 0,001 mm",Tesa,o Instalaá‰es do cliente, ,0.005,mm,09986/22,"Mediá∆o Externa 17,600",0.0,0.002,0.002,mm,2022-03-28 00:00:00,OK,6
50,51,PRO-066,Micrìmetro Externo Digital,"0,001mm","0 a 30 mm x 0,001 mm",Tesa,o Instalaá‰es do cliente, ,0.005,mm,09986/22,"Mediá∆o Externa 20,200",0.0,0.002,0.002,mm,2022-03-28 00:00:00,OK,6
51,52,PRO-066,Micrìmetro Externo Digital,"0,001mm","0 a 30 mm x 0,001 mm",Tesa,o Instalaá‰es do cliente, ,0.005,mm,09986/22,"Mediá∆o Externa 22,800",0.0,0.002,0.002,mm,2022-03-28 00:00:00,OK,6
52,53,PRO-066,Micrìmetro Externo Digital,"0,001mm","0 a 30 mm x 0,001 mm",Tesa,o Instalaá‰es do cliente, ,0.005,mm,09986/22,"Mediá∆o Externa 25,000",0.0,0.002,0.002,mm,2022-03-28 00:00:00,OK,6
53,54,PRO-066,Micrìmetro Externo Digital,"0,001mm","0 a 30 mm x 0,001 mm",Tesa,o Instalaá‰es do cliente, ,0.005,mm,09986/22,"Mediá∆o Externa 30,000",0.0,0.002,0.002,mm,2022-03-28 00:00:00,OK,6
54,55,PRO-066,Micrìmetro Externo Digital,"0,001mm","0 a 30 mm x 0,001 mm",Tesa,o Instalaá‰es do cliente, ,0.00128,mm,09986/22,Erro de Planeza da Face Fixa,0.00032,0.0003,0.00062,mm,2022-03-28 00:00:00,OK,6
55,56,PRO-066,Micrìmetro Externo Digital,"0,001mm","0 a 30 mm x 0,001 mm",Tesa,o Instalaá‰es do cliente, ,0.00128,mm,09986/22,Erro de Planeza da Face M¢vel,0.00032,0.0003,0.00062,mm,2022-03-28 00:00:00,OK,6
56,57,PRO-066,Micrìmetro Externo Digital,"0,001mm","0 a 30 mm x 0,001 mm",Tesa,o Instalaá‰es do cliente, ,0.00128,mm,09986/22,Erro de Paralelismo das Faces,0.00064,0.0003,0.00094,mm,2022-03-28 00:00:00,OK,6
57,58,3E067202,Micrìmetro Externo Digital,"0,001mm","0 a 30 mm x 0,001 mm",Tesa,o Instalaá‰es do cliente, ,0.005,mm,09993/22,"Mediá∆o Externa 0,000",0.0,0.002,0.002,mm,2022-03-28 00:00:00,OK,6
58,59,3E067202,Micrìmetro Externo Digital,"0,001mm","0 a 30 mm x 0,001 mm",Tesa,o Instalaá‰es do cliente, ,0.005,mm,09993/22,"Mediá∆o Externa 2,500",-0.002,0.002,0.0,mm,2022-03-28 00:00:00,OK,6
59,60,3E067202,Micrìmetro Externo Digital,"0,001mm","0 a 30 mm x 0,001 mm",Tesa,o Instalaá‰es do cliente, ,0.005,mm,09993/22,"Mediá∆o Externa 5,100",-0.001,0.002,0.001,mm,2022-03-28 00:00:00,OK,6
60,61,3E067202,Micrìmetro Externo Digital,"0,001mm","0 a 30 mm x 0,001 mm",Tesa,o Instalaá‰es do cliente, ,0.005,mm,09993/22,"Mediá∆o Externa 7,700",-0.004,0.002,-0.002,mm,2022-03-28 00:00:00,OK,6
61,62,3E067202,Micrìmetro Externo Digital,"0,001mm","0 a 30 mm x 0,001 mm",Tesa,o Instalaá‰es do cliente, ,0.005,mm,09993/22,"Mediá∆o Externa 10,300",-0.007,0.002,-0.005,mm,2022-03-28 00:00:00,OK,6
62,63,3E067202,Micrìmetro Externo Digital,"0,001mm","0 a 30 mm x 0,001 mm",Tesa,o Instalaá‰es do cliente, ,0.005,mm,09993/22,"Mediá∆o Externa 12,900",-0.005,0.002,-0.003,mm,2022-03-28 00:00:00,OK,6
63,64,3E067202,Micrìmetro Externo Digital,"0,001mm","0 a 30 mm x 0,001 mm",Tesa,o Instalaá‰es do cliente, ,0.005,mm,09993/22,"Mediá∆o Externa 15,000",-0.003,0.002,-0.001,mm,2022-03-28 00:00:00,OK,6
64,65,3E067202,Micrìmetro Externo Digital,"0,001mm","0 a 30 mm x 0,001 mm",Tesa,o Instalaá‰es do cliente, ,0.005,mm,09993/22,"Mediá∆o Externa 17,600",0.002,0.002,0.004,mm,2022-03-28 00:00:00,OK,6
65,66,3E067202,Micrìmetro Externo Digital,"0,001mm","0 a 30 mm x 0,001 mm",Tesa,o Instalaá‰es do cliente, ,0.005,mm,09993/22,"Mediá∆o Externa 20,200",-0.002,0.002,0.0,mm,2022-03-28 00:00:00,OK,6
66,67,3E067202,Micrìmetro Externo Digital,"0,001mm","0 a 30 mm x 0,001 mm",Tesa,o Instalaá‰es do cliente, ,0.005,mm,09993/22,"Mediá∆o Externa 22,800",-0.002,0.002,0.0,mm,2022-03-28 00:00:00,OK,6
67,68,3E067202,Micrìmetro Externo Digital,"0,001mm","0 a 30 mm x 0,001 mm",Tesa,o Instalaá‰es do cliente, ,0.005,mm,09993/22,"Mediá∆o Externa 25,000",-0.002,0.002,0.0,mm,2022-03-28 00:00:00,OK,6
68,69,3E067202,Micrìmetro Externo Digital,"0,001mm","0 a 30 mm x 0,001 mm",Tesa,o Instalaá‰es do cliente, ,0.005,mm,09993/22,"Mediá∆o Externa 30,000",0.0,0.002,0.002,mm,2022-03-28 00:00:00,OK,6
69,70,3E067202,Micrìmetro Externo Digital,"0,001mm","0 a 30 mm x 0,001 mm",Tesa,o Instalaá‰es do cliente, ,0.00128,mm,09993/22,Erro de Planeza da Face Fixa,0.00032,0.0003,0.00062,mm,2022-03-28 00:00:00,OK,6
70,71,3E067202,Micrìmetro Externo Digital,"0,001mm","0 a 30 mm x 0,001 mm",Tesa,o Instalaá‰es do cliente, ,0.00128,mm,09993/22,Erro de Planeza da Face M¢vel,0.00032,0.0003,0.00062,mm,2022-03-28 00:00:00,OK,6
71,72,3E067202,Micrìmetro Externo Digital,"0,001mm","0 a 30 mm x 0,001 mm",Tesa,o Instalaá‰es do cliente, ,0.00128,mm,09993/22,Erro de Paralelismo das Faces,0.00064,0.0003,0.00094,mm,2022-03-28 00:00:00,OK,6
72,73,MI-36/12,Micrìmetro Externo Digital,"0,001mm","0 a 25 mm x 0,001 mm",Mitutoyo,o Instalaá‰es do cliente, ,0.005,mm,09999/22,"Mediá∆o Externa 0,000",0.0,0.002,0.002,mm,2022-03-28 00:00:00,OK,6
73,74,MI-36/12,Micrìmetro Externo Digital,"0,001mm","0 a 25 mm x 0,001 mm",Mitutoyo,o Instalaá‰es do cliente, ,0.005,mm,09999/22,"Mediá∆o Externa 2,500",0.001,0.002,0.003,mm,2022-03-28 00:00:00,OK,6
74,75,MI-36/12,Micrìmetro Externo Digital,"0,001mm","0 a 25 mm x 0,001 mm",Mitutoyo,o Instalaá‰es do cliente, ,0.005,mm,09999/22,"Mediá∆o Externa 5,100",0.0,0.002,0.002,mm,2022-03-28 00:00:00,OK,6
75,76,MI-36/12,Micrìmetro Externo Digital,"0,001mm","0 a 25 mm x 0,001 mm",Mitutoyo,o Instalaá‰es do cliente, ,0.005,mm,09999/22,"Mediá∆o Externa 7,700",0.0,0.002,0.002,mm,2022-03-28 00:00:00,OK,6
76,77,MI-36/12,Micrìmetro Externo Digital,"0,001mm","0 a 25 mm x 0,001 mm",Mitutoyo,o Instalaá‰es do cliente, ,0.005,mm,09999/22,"Mediá∆o Externa 10,300",0.0,0.002,0.002,mm,2022-03-28 00:00:00,OK,6
77,78,MI-36/12,Micrìmetro Externo Digital,"0,001mm","0 a 25 mm x 0,001 mm",Mitutoyo,o Instalaá‰es do cliente, ,0.005,mm,09999/22,"Mediá∆o Externa 12,900",-0.003,0.002,-0.001,mm,2022-03-28 00:00:00,OK,6
78,79,MI-36/12,Micrìmetro Externo Digital,"0,001mm","0 a 25 mm x 0,001 mm",Mitutoyo,o Instalaá‰es do cliente, ,0.005,mm,09999/22,"Mediá∆o Externa 15,000",-0.003,0.002,-0.001,mm,2022-03-28 00:00:00,OK,6
79,80,MI-36/12,Micrìmetro Externo Digital,"0,001mm","0 a 25 mm x 0,001 mm",Mitutoyo,o Instalaá‰es do cliente, ,0.005,mm,09999/22,"Mediá∆o Externa 17,600",-0.001,0.002,0.001,mm,2022-03-28 00:00:00,OK,6
80,81,MI-36/12,Micrìmetro Externo Digital,"0,001mm","0 a 25 mm x 0,001 mm",Mitutoyo,o Instalaá‰es do cliente, ,0.005,mm,09999/22,"Mediá∆o Externa 20,200",0.0,0.002,0.002,mm,2022-03-28 00:00:00,OK,6
81,82,MI-36/12,Micrìmetro Externo Digital,"0,001mm","0 a 25 mm x 0,001 mm",Mitutoyo,o Instalaá‰es do cliente, ,0.005,mm,09999/22,"Mediá∆o Externa 22,800",0.0,0.002,0.002,mm,2022-03-28 00:00:00,OK,6
82,83,MI-36/12,Micrìmetro Externo Digital,"0,001mm","0 a 25 mm x 0,001 mm",Mitutoyo,o Instalaá‰es do cliente, ,0.005,mm,09999/22,"Mediá∆o Externa 25,000",0.0,0.002,0.002,mm,2022-03-28 00:00:00,OK,6
83,84,MI-36/12,Micrìmetro Externo Digital,"0,001mm","0 a 25 mm x 0,001 mm",Mitutoyo,o Instalaá‰es do cliente, ,0.00128,mm,09999/22,Erro de Planeza da Face Fixa,0.0,0.0003,0.0003,mm,2022-03-28 00:00:00,OK,6
84,85,MI-36/12,Micrìmetro Externo Digital,"0,001mm","0 a 25 mm x 0,001 mm",Mitutoyo,o Instalaá‰es do cliente, ,0.00128,mm,09999/22,Erro de Planeza da Face M¢vel,0.00032,0.0003,0.00062,mm,2022-03-28 00:00:00,OK,6
85,86,MI-36/12,Micrìmetro Externo Digital,"0,001mm","0 a 25 mm x 0,001 mm",Mitutoyo,o Instalaá‰es do cliente, ,0.00128,mm,09999/22,Erro de Paralelismo das Faces,0.00032,0.0003,0.00062,mm,2022-03-28 00:00:00,OK,6
86,87,MI-30/11,Micrìmetro Externo Digital,"0,001mm","0 a 25 mm x 0,001 mm",Mitutoyo,o Instalaá‰es do cliente, ,0.005,mm,09995/22,"Mediá∆o Externa 0,000",0.0,0.002,0.002,mm,2022-03-28 00:00:00,OK,6
87,88,MI-30/11,Micrìmetro Externo Digital,"0,001mm","0 a 25 mm x 0,001 mm",Mitutoyo,o Instalaá‰es do cliente, ,0.005,mm,09995/22,"Mediá∆o Externa 2,500",0.0,0.002,0.002,mm,2022-03-28 00:00:00,OK,6
88,89,MI-30/11,Micrìmetro Externo Digital,"0,001mm","0 a 25 mm x 0,001 mm",Mitutoyo,o Instalaá‰es do cliente, ,0.005,mm,09995/22,"Mediá∆o Externa 5,100",0.0,0.002,0.002,mm,2022-03-28 00:00:00,OK,6
89,90,MI-30/11,Micrìmetro Externo Digital,"0,001mm","0 a 25 mm x 0,001 mm",Mitutoyo,o Instalaá‰es do cliente, ,0.005,mm,09995/22,"Mediá∆o Externa 7,700",0.0,0.002,0.002,mm,2022-03-28 00:00:00,OK,6
90,91,MI-30/11,Micrìmetro Externo Digital,"0,001mm","0 a 25 mm x 0,001 mm",Mitutoyo,o Instalaá‰es do cliente, ,0.005,mm,09995/22,"Mediá∆o Externa 10,300",0.0,0.002,0.002,mm,2022-03-28 00:00:00,OK,6
91,92,MI-30/11,Micrìmetro Externo Digital,"0,001mm","0 a 25 mm x 0,001 mm",Mitutoyo,o Instalaá‰es do cliente, ,0.005,mm,09995/22,"Mediá∆o Externa 12,900",0.0,0.002,0.002,mm,2022-03-28 00:00:00,OK,6
92,93,MI-30/11,Micrìmetro Externo Digital,"0,001mm","0 a 25 mm x 0,001 mm",Mitutoyo,o Instalaá‰es do cliente, ,0.005,mm,09995/22,"Mediá∆o Externa 15,000",0.0,0.002,0.002,mm,2022-03-28 00:00:00,OK,6
93,94,MI-30/11,Micrìmetro Externo Digital,"0,001mm","0 a 25 mm x 0,001 mm",Mitutoyo,o Instalaá‰es do cliente, ,0.005,mm,09995/22,"Mediá∆o Externa 17,600",0.0,0.002,0.002,mm,2022-03-28 00:00:00,OK,6
94,95,MI-30/11,Micrìmetro Externo Digital,"0,001mm","0 a 25 mm x 0,001 mm",Mitutoyo,o Instalaá‰es do cliente, ,0.005,mm,09995/22,"Mediá∆o Externa 20,200",0.0,0.002,0.002,mm,2022-03-28 00:00:00,OK,6
95,96,MI-30/11,Micrìmetro Externo Digital,"0,001mm","0 a 25 mm x 0,001 mm",Mitutoyo,o Instalaá‰es do cliente, ,0.005,mm,09995/22,"Mediá∆o Externa 22,800",-0.001,0.002,0.001,mm,2022-03-28 00:00:00,OK,6
96,97,MI-30/11,Micrìmetro Externo Digital,"0,001mm","0 a 25 mm x 0,001 mm",Mitutoyo,o Instalaá‰es do cliente, ,0.005,mm,09995/22,"Mediá∆o Externa 25,000",-0.003,0.002,-0.001,mm,2022-03-28 00:00:00,OK,6
97,98,MI-30/11,Micrìmetro Externo Digital,"0,001mm","0 a 25 mm x 0,001 mm",Mitutoyo,o Instalaá‰es do cliente, ,0.00128,mm,09995/22,Erro de Planeza da Face Fixa,0.00032,0.0003,0.00062,mm,2022-03-28 00:00:00,OK,6
98,99,MI-30/11,Micrìmetro Externo Digital,"0,001mm","0 a 25 mm x 0,001 mm",Mitutoyo,o Instalaá‰es do cliente, ,0.00128,mm,09995/22,Erro de Planeza da Face M¢vel,0.0,0.0003,0.0003,mm,2022-03-28 00:00:00,OK,6
99,100,MI-30/11,Micrìmetro Externo Digital,"0,001mm","0 a 25 mm x 0,001 mm",Mitutoyo,o Instalaá‰es do cliente, ,0.00128,mm,09995/22,Erro de Paralelismo das Faces,0.00032,0.0003,0.00062,mm,2022-03-28 00:00:00,OK,6
100,101,MI-33/11,Micrìmetro Externo Digital,"0,001mm","0 a 25 mm x 0,001 mm",Mitutoyo,o Instalaá‰es do cliente, ,0.005,mm,09997/22,"Mediá∆o Externa 0,000",0.0,0.002,0.002,mm,2022-03-28 00:00:00,OK,6
101,102,MI-33/11,Micrìmetro Externo Digital,"0,001mm","0 a 25 mm x 0,001 mm",Mitutoyo,o Instalaá‰es do cliente, ,0.005,mm,09997/22,"Mediá∆o Externa 2,500",0.0,0.002,0.002,mm,2022-03-28 00:00:00,OK,6
102,103,MI-33/11,Micrìmetro Externo Digital,"0,001mm","0 a 25 mm x 0,001 mm",Mitutoyo,o Instalaá‰es do cliente, ,0.005,mm,09997/22,"Mediá∆o Externa 5,100",0.002,0.002,0.004,mm,2022-03-28 00:00:00,OK,6
103,104,MI-33/11,Micrìmetro Externo Digital,"0,001mm","0 a 25 mm x 0,001 mm",Mitutoyo,o Instalaá‰es do cliente, ,0.005,mm,09997/22,"Mediá∆o Externa 7,700",0.001,0.002,0.003,mm,2022-03-28 00:00:00,OK,6
104,105,MI-33/11,Micrìmetro Externo Digital,"0,001mm","0 a 25 mm x 0,001 mm",Mitutoyo,o Instalaá‰es do cliente, ,0.005,mm,09997/22,"Mediá∆o Externa 10,300",0.002,0.002,0.004,mm,2022-03-28 00:00:00,OK,6
105,106,MI-33/11,Micrìmetro Externo Digital,"0,001mm","0 a 25 mm x 0,001 mm",Mitutoyo,o Instalaá‰es do cliente, ,0.005,mm,09997/22,"Mediá∆o Externa 12,900",0.002,0.002,0.004,mm,2022-03-28 00:00:00,OK,6
106,107,MI-33/11,Micrìmetro Externo Digital,"0,001mm","0 a 25 mm x 0,001 mm",Mitutoyo,o Instalaá‰es do cliente, ,0.005,mm,09997/22,"Mediá∆o Externa 15,000",0.0,0.002,0.002,mm,2022-03-28 00:00:00,OK,6
107,108,MI-33/11,Micrìmetro Externo Digital,"0,001mm","0 a 25 mm x 0,001 mm",Mitutoyo,o Instalaá‰es do cliente, ,0.005,mm,09997/22,"Mediá∆o Externa 17,600",0.0,0.002,0.002,mm,2022-03-28 00:00:00,OK,6
108,109,MI-33/11,Micrìmetro Externo Digital,"0,001mm","0 a 25 mm x 0,001 mm",Mitutoyo,o Instalaá‰es do cliente, ,0.005,mm,09997/22,"Mediá∆o Externa 20,200",0.0,0.002,0.002,mm,2022-03-28 00:00:00,OK,6
109,110,MI-33/11,Micrìmetro Externo Digital,"0,001mm","0 a 25 mm x 0,001 mm",Mitutoyo,o Instalaá‰es do cliente, ,0.005,mm,09997/22,"Mediá∆o Externa 22,800",0.0,0.002,0.002,mm,2022-03-28 00:00:00,OK,6
110,111,MI-33/11,Micrìmetro Externo Digital,"0,001mm","0 a 25 mm x 0,001 mm",Mitutoyo,o Instalaá‰es do cliente, ,0.005,mm,09997/22,"Mediá∆o Externa 25,000",0.001,0.002,0.003,mm,2022-03-28 00:00:00,OK,6
111,112,MI-33/11,Micrìmetro Externo Digital,"0,001mm","0 a 25 mm x 0,001 mm",Mitutoyo,o Instalaá‰es do cliente, ,0.00128,mm,09997/22,Erro de Planeza da Face Fixa,0.00032,0.0003,0.00062,mm,2022-03-28 00:00:00,OK,6
112,113,MI-33/11,Micrìmetro Externo Digital,"0,001mm","0 a 25 mm x 0,001 mm",Mitutoyo,o Instalaá‰es do cliente, ,0.00128,mm,09997/22,Erro de Planeza da Face M¢vel,0.00064,0.0003,0.00094,mm,2022-03-28 00:00:00,OK,6
113,114,MI-33/11,Micrìmetro Externo Digital,"0,001mm","0 a 25 mm x 0,001 mm",Mitutoyo,o Instalaá‰es do cliente, ,0.00128,mm,09997/22,Erro de Paralelismo das Faces,0.00064,0.0003,0.00094,mm,2022-03-28 00:00:00,OK,6
114,115,PRO-060,Projetor de perfil,"0,001mm",0 Ö 50 mm,Mitutoyo,CTM, ,0.005,mm,00067/22,Curso de Mediá∆o - Eixo X,0.0,0.002,0.002,mm,2022-01-19 00:00:00,OK,6
115,116,PRO-060,Projetor de perfil,"0,001mm",0 Ö 50 mm,Mitutoyo,CTM, ,0.005,mm,00067/22,Curso de Mediá∆o - Eixo X,-0.001,0.002,0.001,mm,2022-01-19 00:00:00,OK,6
116,117,PRO-060,Projetor de perfil,"0,001mm",0 Ö 50 mm,Mitutoyo,CTM, ,0.005,mm,00067/22,Curso de Mediá∆o - Eixo X,0.004,0.002,0.006,mm,2022-01-19 00:00:00,NOK,6
117,118,PRO-060,Projetor de perfil,"0,001mm",0 Ö 50 mm,Mitutoyo,CTM, ,0.005,mm,00067/22,Curso de Mediá∆o - Eixo X,0.003,0.002,0.005,mm,2022-01-19 00:00:00,OK,6
118,119,PRO-060,Projetor de perfil,"0,001mm",0 Ö 50 mm,Mitutoyo,CTM, ,0.005,mm,00067/22,Curso de Mediá∆o - Eixo X,0.005,0.002,0.007,mm,2022-01-19 00:00:00,NOK,6
119,120,PRO-060,Projetor de perfil,"0,001mm",0 Ö 50 mm,Mitutoyo,CTM, ,0.005,mm,00067/22,Curso de Mediá∆o - Eixo X,0.01,0.002,0.012,mm,2022-01-19 00:00:00,NOK,6
120,121,PRO-060,Projetor de perfil,"0,001mm",0 Ö 50 mm,Mitutoyo,CTM, ,0.005,mm,00067/22,Curso de Mediá∆o - Eixo X,0.012,0.002,0.014,mm,2022-01-19 00:00:00,NOK,6
121,122,PRO-060,Projetor de perfil,"0,001mm",0 Ö 50 mm,Mitutoyo,CTM, ,0.005,mm,00067/22,Curso de Mediá∆o - Eixo X,0.018,0.002,0.019999999999999997,mm,2022-01-19 00:00:00,NOK,6
122,123,PRO-060,Projetor de perfil,"0,001mm",0 Ö 50 mm,Mitutoyo,CTM, ,0.005,mm,00067/22,Curso de Mediá∆o - Eixo X,0.021,0.002,0.023,mm,2022-01-19 00:00:00,NOK,6
123,124,PRO-060,Projetor de perfil,"0,001mm",0 Ö 50 mm,Mitutoyo,CTM, ,0.005,mm,00067/22,Curso de Mediá∆o - Eixo X,0.031,0.002,0.033,mm,2022-01-19 00:00:00,NOK,6
124,125,PRO-060,Projetor de perfil,"0,001mm",0 Ö 50 mm,Mitutoyo,CTM, ,0.005,mm,00067/22,Curso de Mediá∆o - Eixo X,0.041,0.002,0.043,mm,2022-01-19 00:00:00,NOK,6
125,126,PRO-060,Projetor de perfil,"0,001mm",0 Ö 50 mm,Mitutoyo,CTM, ,0.005,mm,00067/22,Curso de Mediá∆o - Eixo Y,0.0,0.002,0.002,mm,2022-01-19 00:00:00,OK,6
126,127,PRO-060,Projetor de perfil,"0,001mm",0 Ö 50 mm,Mitutoyo,CTM, ,0.005,mm,00067/22,Curso de Mediá∆o - Eixo Y,-0.002,0.002,0.0,mm,2022-01-19 00:00:00,OK,6
127,128,PRO-060,Projetor de perfil,"0,001mm",0 Ö 50 mm,Mitutoyo,CTM, ,0.005,mm,00067/22,Curso de Mediá∆o - Eixo Y,-0.009,0.002,-0.006999999999999999,mm,2022-01-19 00:00:00,OK,6
128,129,PRO-060,Projetor de perfil,"0,001mm",0 Ö 50 mm,Mitutoyo,CTM, ,0.005,mm,00067/22,Curso de Mediá∆o - Eixo Y,-0.019,0.002,-0.017,mm,2022-01-19 00:00:00,OK,6
129,130,PRO-060,Projetor de perfil,"0,001mm",0 Ö 50 mm,Mitutoyo,CTM, ,0.005,mm,00067/22,Curso de Mediá∆o - Eixo Y,-0.026,0.002,-0.024,mm,2022-01-19 00:00:00,OK,6
130,131,PRO-060,Projetor de perfil,"0,001mm",0 Ö 50 mm,Mitutoyo,CTM, ,0.005,mm,00067/22,Curso de Mediá∆o - Eixo Y,-0.036,0.002,-0.033999999999999996,mm,2022-01-19 00:00:00,OK,6
131,132,PRO-060,Projetor de perfil,"0,001mm",0 Ö 50 mm,Mitutoyo,CTM, ,0.005,mm,00067/22,Curso de Mediá∆o - Eixo Y,-0.052,0.002,-0.05,mm,2022-01-19 00:00:00,OK,6
132,133,PRO-060,Projetor de perfil,"0,001mm",0 Ö 50 mm,Mitutoyo,CTM, ,0.5,graus,00067/22,"Erro de indicaá∆o do goniìmetro 0¯ 0' 0""",0.0,41.0,0.001,mm,2022-01-19 00:00:00,OK,6
133,134,PRO-060,Projetor de perfil,"0,001mm",0 Ö 50 mm,Mitutoyo,CTM, ,0.5,graus,00067/22,"Erro de indicaá∆o do goniìmetro 30¯ 1' 0""",0.0,41.0,0.001,mm,2022-01-19 00:00:00,OK,6
134,135,PRO-060,Projetor de perfil,"0,001mm",0 Ö 50 mm,Mitutoyo,CTM, ,0.5,graus,00067/22,"Erro de indicaá∆o do goniìmetro 59¯ 57' 0""",0.0,41.0,0.001,mm,2022-01-19 00:00:00,OK,6
135,136,PRO-060,Projetor de perfil,"0,001mm",0 Ö 50 mm,Mitutoyo,CTM, ,0.5,graus,00067/22,"Erro de indicaá∆o do goniìmetro 90¯ 4' 0""",0.0,41.0,0.001,mm,2022-01-19 00:00:00,OK,6
136,137,PRO-060,Projetor de perfil,"0,001mm",0 Ö 50 mm,Mitutoyo,CTM, ,0.5,graus,00067/22,"Erro de indicaá∆o do goniìmetro 180¯ 2' 0""",0.0,41.0,0.001,mm,2022-01-19 00:00:00,OK,6
137,138,PRO-060,Projetor de perfil,"0,001mm",0 Ö 50 mm,Mitutoyo,CTM, ,0.5,graus,00067/22,"Erro de indicaá∆o do goniìmetro 270¯ 13' 0""",0.0,41.0,0.001,mm,2022-01-19 00:00:00,OK,6
138,139,PRO-060,Projetor de perfil,"0,001mm",0 Ö 50 mm,Mitutoyo,CTM, ,0.5,graus,00067/22,"Erro de indicaá∆o do goniìmetro 360¯ 21' 0""",0.0,41.0,0.001,mm,2022-01-19 00:00:00,OK,6
139,140,PRO-070,Micrìmetro Externo Anal¢gico,"0,001mm","0 a 25 mm x 0,001 mm",Mitutoyo,o Instalaá‰es do cliente, ,0.005,mm,09989/22,"Mediá∆o Externa 0,000",0.0,0.002,0.002,mm,2022-03-28 00:00:00,OK,6
140,141,PRO-070,Micrìmetro Externo Anal¢gico,"0,001mm","0 a 25 mm x 0,001 mm",Mitutoyo,o Instalaá‰es do cliente, ,0.005,mm,09989/22,"Mediá∆o Externa 2,500",-0.001,0.002,0.001,mm,2022-03-28 00:00:00,OK,6
141,142,PRO-070,Micrìmetro Externo Anal¢gico,"0,001mm","0 a 25 mm x 0,001 mm",Mitutoyo,o Instalaá‰es do cliente, ,0.005,mm,09989/22,"Mediá∆o Externa 5,100",-0.001,0.002,0.001,mm,2022-03-28 00:00:00,OK,6
142,143,PRO-070,Micrìmetro Externo Anal¢gico,"0,001mm","0 a 25 mm x 0,001 mm",Mitutoyo,o Instalaá‰es do cliente, ,0.005,mm,09989/22,"Mediá∆o Externa 7,700",0.0,0.002,0.002,mm,2022-03-28 00:00:00,OK,6
143,144,PRO-070,Micrìmetro Externo Anal¢gico,"0,001mm","0 a 25 mm x 0,001 mm",Mitutoyo,o Instalaá‰es do cliente, ,0.005,mm,09989/22,"Mediá∆o Externa 10,300",0.0,0.002,0.002,mm,2022-03-28 00:00:00,OK,6
144,145,PRO-070,Micrìmetro Externo Anal¢gico,"0,001mm","0 a 25 mm x 0,001 mm",Mitutoyo,o Instalaá‰es do cliente, ,0.005,mm,09989/22,"Mediá∆o Externa 12,900",0.0,0.002,0.002,mm,2022-03-28 00:00:00,OK,6
145,146,PRO-070,Micrìmetro Externo Anal¢gico,"0,001mm","0 a 25 mm x 0,001 mm",Mitutoyo,o Instalaá‰es do cliente, ,0.005,mm,09989/22,"Mediá∆o Externa 15,000",0.0,0.002,0.002,mm,2022-03-28 00:00:00,OK,6
146,147,PRO-070,Micrìmetro Externo Anal¢gico,"0,001mm","0 a 25 mm x 0,001 mm",Mitutoyo,o Instalaá‰es do cliente, ,0.005,mm,09989/22,"Mediá∆o Externa 17,600",0.0,0.002,0.002,mm,2022-03-28 00:00:00,OK,6
147,148,PRO-070,Micrìmetro Externo Anal¢gico,"0,001mm","0 a 25 mm x 0,001 mm",Mitutoyo,o Instalaá‰es do cliente, ,0.005,mm,09989/22,"Mediá∆o Externa 20,200",0.0,0.002,0.002,mm,2022-03-28 00:00:00,OK,6
148,149,PRO-070,Micrìmetro Externo Anal¢gico,"0,001mm","0 a 25 mm x 0,001 mm",Mitutoyo,o Instalaá‰es do cliente, ,0.005,mm,09989/22,"Mediá∆o Externa 22,800",0.0,0.002,0.002,mm,2022-03-28 00:00:00,OK,6
149,150,PRO-070,Micrìmetro Externo Anal¢gico,"0,001mm","0 a 25 mm x 0,001 mm",Mitutoyo,o Instalaá‰es do cliente, ,0.005,mm,09989/22,"Mediá∆o Externa 25,000",0.0,0.002,0.002,mm,2022-03-28 00:00:00,OK,6
150,151,PRO-070,Micrìmetro Externo Anal¢gico,"0,001mm","0 a 25 mm x 0,001 mm",Mitutoyo,o Instalaá‰es do cliente, ,0.00128,mm,09989/22,Erro de Planeza da Face Fixa,0.00032,0.0003,0.00062,mm,2022-03-28 00:00:00,OK,6
151,152,PRO-070,Micrìmetro Externo Anal¢gico,"0,001mm","0 a 25 mm x 0,001 mm",Mitutoyo,o Instalaá‰es do cliente, ,0.00128,mm,09989/22,Erro de Planeza da Face M¢vel,0.00064,0.0003,0.00094,mm,2022-03-28 00:00:00,OK,6
152,153,PRO-070,Micrìmetro Externo Anal¢gico,"0,001mm","0 a 25 mm x 0,001 mm",Mitutoyo,o Instalaá‰es do cliente, ,0.00128,mm,09989/22,Erro de Paralelismo das Faces,0.00064,0.0003,0.00094,mm,2022-03-28 00:00:00,OK,6
153,154,PRO-083,Micrìmetro Externo Digital,"0,001mm","0 a 25 mm x 0,001 mm",Mitutoyo,o Instalaá‰es do cliente, ,0.005,mm,09996/22,"Mediá∆o Externa 0,000",0.0,0.002,0.002,mm,2022-03-28 00:00:00,OK,6
154,155,PRO-083,Micrìmetro Externo Digital,"0,001mm","0 a 25 mm x 0,001 mm",Mitutoyo,o Instalaá‰es do cliente, ,0.005,mm,09996/22,"Mediá∆o Externa 2,500",0.002,0.002,0.004,mm,2022-03-28 00:00:00,OK,6
155,156,PRO-083,Micrìmetro Externo Digital,"0,001mm","0 a 25 mm x 0,001 mm",Mitutoyo,o Instalaá‰es do cliente, ,0.005,mm,09996/22,"Mediá∆o Externa 5,100",0.0,0.002,0.002,mm,2022-03-28 00:00:00,OK,6
156,157,PRO-083,Micrìmetro Externo Digital,"0,001mm","0 a 25 mm x 0,001 mm",Mitutoyo,o Instalaá‰es do cliente, ,0.005,mm,09996/22,"Mediá∆o Externa 7,700",0.001,0.002,0.003,mm,2022-03-28 00:00:00,OK,6
157,158,PRO-083,Micrìmetro Externo Digital,"0,001mm","0 a 25 mm x 0,001 mm",Mitutoyo,o Instalaá‰es do cliente, ,0.005,mm,09996/22,"Mediá∆o Externa 10,300",-0.002,0.002,0.0,mm,2022-03-28 00:00:00,OK,6
158,159,PRO-083,Micrìmetro Externo Digital,"0,001mm","0 a 25 mm x 0,001 mm",Mitutoyo,o Instalaá‰es do cliente, ,0.005,mm,09996/22,"Mediá∆o Externa 12,900",-0.001,0.002,0.001,mm,2022-03-28 00:00:00,OK,6
159,160,PRO-083,Micrìmetro Externo Digital,"0,001mm","0 a 25 mm x 0,001 mm",Mitutoyo,o Instalaá‰es do cliente, ,0.005,mm,09996/22,"Mediá∆o Externa 15,000",-0.002,0.002,0.0,mm,2022-03-28 00:00:00,OK,6
160,161,PRO-083,Micrìmetro Externo Digital,"0,001mm","0 a 25 mm x 0,001 mm",Mitutoyo,o Instalaá‰es do cliente, ,0.005,mm,09996/22,"Mediá∆o Externa 17,600",0.0,0.002,0.002,mm,2022-03-28 00:00:00,OK,6
161,162,PRO-083,Micrìmetro Externo Digital,"0,001mm","0 a 25 mm x 0,001 mm",Mitutoyo,o Instalaá‰es do cliente, ,0.005,mm,09996/22,"Mediá∆o Externa 20,200",0.0,0.002,0.002,mm,2022-03-28 00:00:00,OK,6
162,163,PRO-083,Micrìmetro Externo Digital,"0,001mm","0 a 25 mm x 0,001 mm",Mitutoyo,o Instalaá‰es do cliente, ,0.005,mm,09996/22,"Mediá∆o Externa 22,800",0.0,0.002,0.002,mm,2022-03-28 00:00:00,OK,6
163,164,PRO-083,Micrìmetro Externo Digital,"0,001mm","0 a 25 mm x 0,001 mm",Mitutoyo,o Instalaá‰es do cliente, ,0.005,mm,09996/22,"Mediá∆o Externa 25,000",-0.001,0.002,0.001,mm,2022-03-28 00:00:00,OK,6
164,165,PRO-083,Micrìmetro Externo Digital,"0,001mm","0 a 25 mm x 0,001 mm",Mitutoyo,o Instalaá‰es do cliente, ,0.00128,mm,09996/22,Erro de Planeza da Face Fixa,0.00032,0.0003,0.00062,mm,2022-03-28 00:00:00,OK,6
165,166,PRO-083,Micrìmetro Externo Digital,"0,001mm","0 a 25 mm x 0,001 mm",Mitutoyo,o Instalaá‰es do cliente, ,0.00128,mm,09996/22,Erro de Planeza da Face M¢vel,0.00032,0.0003,0.00062,mm,2022-03-28 00:00:00,OK,6
166,167,PRO-083,Micrìmetro Externo Digital,"0,001mm","0 a 25 mm x 0,001 mm",Mitutoyo,o Instalaá‰es do cliente, ,0.00128,mm,09996/22,Erro de Paralelismo das Faces,0.00064,0.0003,0.00094,mm,2022-03-28 00:00:00,OK,6
167,168,MI-01,Micrìmetro Externo Digital,"0,001mm","13 a 25 mm x 0,001 mm",Mitutoyo,o Instalaá‰es do cliente, ,0.005,mm,09981/22,"Mediá∆o Externa 0,000",0.0,0.002,0.002,mm,2022-03-28 00:00:00,OK,6
168,169,MI-01,Micrìmetro Externo Digital,"0,001mm","13 a 25 mm x 0,001 mm",Mitutoyo,o Instalaá‰es do cliente, ,0.005,mm,09981/22,"Mediá∆o Externa 2,500",0.0,0.002,0.002,mm,2022-03-28 00:00:00,OK,6
169,170,MI-01,Micrìmetro Externo Digital,"0,001mm","13 a 25 mm x 0,001 mm",Mitutoyo,o Instalaá‰es do cliente, ,0.005,mm,09981/22,"Mediá∆o Externa 5,100",-0.001,0.002,0.001,mm,2022-03-28 00:00:00,OK,6
170,171,MI-01,Micrìmetro Externo Digital,"0,001mm","13 a 25 mm x 0,001 mm",Mitutoyo,o Instalaá‰es do cliente, ,0.005,mm,09981/22,"Mediá∆o Externa 7,700",-0.001,0.002,0.001,mm,2022-03-28 00:00:00,OK,6
171,172,MI-01,Micrìmetro Externo Digital,"0,001mm","13 a 25 mm x 0,001 mm",Mitutoyo,o Instalaá‰es do cliente, ,0.005,mm,09981/22,"Mediá∆o Externa 10,300",-0.001,0.002,0.001,mm,2022-03-28 00:00:00,OK,6
172,173,MI-01,Micrìmetro Externo Digital,"0,001mm","13 a 25 mm x 0,001 mm",Mitutoyo,o Instalaá‰es do cliente, ,0.005,mm,09981/22,"Mediá∆o Externa 12,900",-0.002,0.002,0.0,mm,2022-03-28 00:00:00,OK,6
173,174,MI-01,Micrìmetro Externo Digital,"0,001mm","13 a 25 mm x 0,001 mm",Mitutoyo,o Instalaá‰es do cliente, ,0.005,mm,09981/22,"Mediá∆o Externa 15,000",-0.001,0.002,0.001,mm,2022-03-28 00:00:00,OK,6
174,175,MI-01,Micrìmetro Externo Digital,"0,001mm","13 a 25 mm x 0,001 mm",Mitutoyo,o Instalaá‰es do cliente, ,0.005,mm,09981/22,"Mediá∆o Externa 17,600",-0.002,0.002,0.0,mm,2022-03-28 00:00:00,OK,6
175,176,MI-01,Micrìmetro Externo Digital,"0,001mm","13 a 25 mm x 0,001 mm",Mitutoyo,o Instalaá‰es do cliente, ,0.005,mm,09981/22,"Mediá∆o Externa 20,200",-0.001,0.002,0.001,mm,2022-03-28 00:00:00,OK,6
176,177,MI-01,Micrìmetro Externo Digital,"0,001mm","13 a 25 mm x 0,001 mm",Mitutoyo,o Instalaá‰es do cliente, ,0.005,mm,09981/22,"Mediá∆o Externa 22,800",-0.001,0.002,0.001,mm,2022-03-28 00:00:00,OK,6
177,178,MI-01,Micrìmetro Externo Digital,"0,001mm","13 a 25 mm x 0,001 mm",Mitutoyo,o Instalaá‰es do cliente, ,0.005,mm,09981/22,"Mediá∆o Externa 25,000",-0.002,0.002,0.0,mm,2022-03-28 00:00:00,OK,6
178,179,MI-01,Micrìmetro Externo Digital,"0,001mm","13 a 25 mm x 0,001 mm",Mitutoyo,o Instalaá‰es do cliente, ,0.00128,mm,09981/22,Erro de Planeza da Face Fixa,0.00032,0.0003,0.00062,mm,2022-03-28 00:00:00,OK,6
179,180,MI-01,Micrìmetro Externo Digital,"0,001mm","13 a 25 mm x 0,001 mm",Mitutoyo,o Instalaá‰es do cliente, ,0.00128,mm,09981/22,Erro de Planeza da Face M¢vel,0.00032,0.0003,0.00062,mm,2022-03-28 00:00:00,OK,6
180,181,MI-01,Micrìmetro Externo Digital,"0,001mm","13 a 25 mm x 0,001 mm",Mitutoyo,o Instalaá‰es do cliente, ,0.00128,mm,09981/22,Erro de Paralelismo das Faces,0.00064,0.0003,0.00094,mm,2022-03-28 00:00:00,OK,6
181,182,MI-32/11,Micrìmetro Externo Digital,"0,001mm","0 a 25 mm x 0,001 mm",Mitutoyo,o Instalaá‰es do cliente, ,0.005,mm,09990/22,"Mediá∆o Externa 0,000",0.0,0.002,0.002,mm,2022-03-28 00:00:00,OK,6
182,183,MI-32/11,Micrìmetro Externo Digital,"0,001mm","0 a 25 mm x 0,001 mm",Mitutoyo,o Instalaá‰es do cliente, ,0.005,mm,09990/22,"Mediá∆o Externa 2,500",0.0,0.002,0.002,mm,2022-03-28 00:00:00,OK,6
183,184,MI-32/11,Micrìmetro Externo Digital,"0,001mm","0 a 25 mm x 0,001 mm",Mitutoyo,o Instalaá‰es do cliente, ,0.005,mm,09990/22,"Mediá∆o Externa 5,100",0.0,0.002,0.002,mm,2022-03-28 00:00:00,OK,6
184,185,MI-32/11,Micrìmetro Externo Digital,"0,001mm","0 a 25 mm x 0,001 mm",Mitutoyo,o Instalaá‰es do cliente, ,0.005,mm,09990/22,"Mediá∆o Externa 7,700",0.001,0.002,0.003,mm,2022-03-28 00:00:00,OK,6
185,186,MI-32/11,Micrìmetro Externo Digital,"0,001mm","0 a 25 mm x 0,001 mm",Mitutoyo,o Instalaá‰es do cliente, ,0.005,mm,09990/22,"Mediá∆o Externa 10,300",0.001,0.002,0.003,mm,2022-03-28 00:00:00,OK,6
186,187,MI-32/11,Micrìmetro Externo Digital,"0,001mm","0 a 25 mm x 0,001 mm",Mitutoyo,o Instalaá‰es do cliente, ,0.005,mm,09990/22,"Mediá∆o Externa 12,900",0.0,0.002,0.002,mm,2022-03-28 00:00:00,OK,6
187,188,MI-32/11,Micrìmetro Externo Digital,"0,001mm","0 a 25 mm x 0,001 mm",Mitutoyo,o Instalaá‰es do cliente, ,0.005,mm,09990/22,"Mediá∆o Externa 15,000",0.0,0.002,0.002,mm,2022-03-28 00:00:00,OK,6
188,189,MI-32/11,Micrìmetro Externo Digital,"0,001mm","0 a 25 mm x 0,001 mm",Mitutoyo,o Instalaá‰es do cliente, ,0.005,mm,09990/22,"Mediá∆o Externa 17,600",0.0,0.002,0.002,mm,2022-03-28 00:00:00,OK,6
189,190,MI-32/11,Micrìmetro Externo Digital,"0,001mm","0 a 25 mm x 0,001 mm",Mitutoyo,o Instalaá‰es do cliente, ,0.005,mm,09990/22,"Mediá∆o Externa 20,200",0.0,0.002,0.002,mm,2022-03-28 00:00:00,OK,6
190,191,MI-32/11,Micrìmetro Externo Digital,"0,001mm","0 a 25 mm x 0,001 mm",Mitutoyo,o Instalaá‰es do cliente, ,0.005,mm,09990/22,"Mediá∆o Externa 22,800",0.0,0.002,0.002,mm,2022-03-28 00:00:00,OK,6
191,192,MI-32/11,Micrìmetro Externo Digital,"0,001mm","0 a 25 mm x 0,001 mm",Mitutoyo,o Instalaá‰es do cliente, ,0.005,mm,09990/22,"Mediá∆o Externa 25,000",0.0,0.002,0.002,mm,2022-03-28 00:00:00,OK,6
192,193,MI-32/11,Micrìmetro Externo Digital,"0,001mm","0 a 25 mm x 0,001 mm",Mitutoyo,o Instalaá‰es do cliente, ,0.00128,mm,09990/22,Erro de Planeza da Face Fixa,0.00032,0.0003,0.00062,mm,2022-03-28 00:00:00,OK,6
193,194,MI-32/11,Micrìmetro Externo Digital,"0,001mm","0 a 25 mm x 0,001 mm",Mitutoyo,o Instalaá‰es do cliente, ,0.00128,mm,09990/22,Erro de Planeza da Face M¢vel,0.00032,0.0003,0.00062,mm,2022-03-28 00:00:00,OK,6
194,195,MI-32/11,Micrìmetro Externo Digital,"0,001mm","0 a 25 mm x 0,001 mm",Mitutoyo,o Instalaá‰es do cliente, ,0.00128,mm,09990/22,Erro de Paralelismo das Faces,0.00032,0.0003,0.00062,mm,2022-03-28 00:00:00,OK,6
195,196,PP-02,Projetor de perfil,"0,001mm",0 Ö 100 mm,Mitutoyo,CTM, ,0.005,mm,00066/22,Curso de Mediá∆o - Eixo X,0.0,0.002,0.002,mm,2022-01-19 00:00:00,OK,6
196,197,PP-02,Projetor de perfil,"0,001mm",0 Ö 100 mm,Mitutoyo,CTM, ,0.005,mm,00066/22,Curso de Mediá∆o - Eixo X,0.0,0.002,0.002,mm,2022-01-19 00:00:00,OK,6
197,198,PP-02,Projetor de perfil,"0,001mm",0 Ö 100 mm,Mitutoyo,CTM, ,0.005,mm,00066/22,Curso de Mediá∆o - Eixo X,0.001,0.002,0.003,mm,2022-01-19 00:00:00,OK,6
198,199,PP-02,Projetor de perfil,"0,001mm",0 Ö 100 mm,Mitutoyo,CTM, ,0.005,mm,00066/22,Curso de Mediá∆o - Eixo X,-0.001,0.002,0.001,mm,2022-01-19 00:00:00,OK,6
199,200,PP-02,Projetor de perfil,"0,001mm",0 Ö 100 mm,Mitutoyo,CTM, ,0.005,mm,00066/22,Curso de Mediá∆o - Eixo X,0.0,0.002,0.002,mm,2022-01-19 00:00:00,OK,6
200,201,PP-02,Projetor de perfil,"0,001mm",0 Ö 100 mm,Mitutoyo,CTM, ,0.005,mm,00066/22,Curso de Mediá∆o - Eixo X,0.002,0.002,0.004,mm,2022-01-19 00:00:00,OK,6
201,202,PP-02,Projetor de perfil,"0,001mm",0 Ö 100 mm,Mitutoyo,CTM, ,0.005,mm,00066/22,Curso de Mediá∆o - Eixo X,0.002,0.002,0.004,mm,2022-01-19 00:00:00,OK,6
202,203,PP-02,Projetor de perfil,"0,001mm",0 Ö 100 mm,Mitutoyo,CTM, ,0.005,mm,00066/22,Curso de Mediá∆o - Eixo X,0.001,0.002,0.003,mm,2022-01-19 00:00:00,OK,6
203,204,PP-02,Projetor de perfil,"0,001mm",0 Ö 100 mm,Mitutoyo,CTM, ,0.005,mm,00066/22,Curso de Mediá∆o - Eixo X,0.0,0.002,0.002,mm,2022-01-19 00:00:00,OK,6
204,205,PP-02,Projetor de perfil,"0,001mm",0 Ö 100 mm,Mitutoyo,CTM, ,0.005,mm,00066/22,Curso de Mediá∆o - Eixo X,-0.001,0.002,0.001,mm,2022-01-19 00:00:00,OK,6
205,206,PP-02,Projetor de perfil,"0,001mm",0 Ö 100 mm,Mitutoyo,CTM, ,0.005,mm,00066/22,Curso de Mediá∆o - Eixo X,-0.001,0.002,0.001,mm,2022-01-19 00:00:00,OK,6
206,207,PP-02,Projetor de perfil,"0,001mm",0 Ö 100 mm,Mitutoyo,CTM, ,0.005,mm,00066/22,Curso de Mediá∆o - Eixo X,-0.015,0.002,-0.013,mm,2022-01-19 00:00:00,OK,6
207,208,PP-02,Projetor de perfil,"0,001mm",0 Ö 100 mm,Mitutoyo,CTM, ,0.005,mm,00066/22,Curso de Mediá∆o - Eixo X,-0.158,0.002,-0.156,mm,2022-01-19 00:00:00,OK,6
208,209,PP-02,Projetor de perfil,"0,001mm",0 Ö 100 mm,Mitutoyo,CTM, ,0.005,mm,00066/22,Curso de Mediá∆o - Eixo Y,0.0,0.002,0.002,mm,2022-01-19 00:00:00,OK,6
209,210,PP-02,Projetor de perfil,"0,001mm",0 Ö 100 mm,Mitutoyo,CTM, ,0.005,mm,00066/22,Curso de Mediá∆o - Eixo Y,0.0,0.002,0.002,mm,2022-01-19 00:00:00,OK,6
210,211,PP-02,Projetor de perfil,"0,001mm",0 Ö 100 mm,Mitutoyo,CTM, ,0.005,mm,00066/22,Curso de Mediá∆o - Eixo Y,0.001,0.002,0.003,mm,2022-01-19 00:00:00,OK,6
211,212,PP-02,Projetor de perfil,"0,001mm",0 Ö 100 mm,Mitutoyo,CTM, ,0.005,mm,00066/22,Curso de Mediá∆o - Eixo Y,0.001,0.002,0.003,mm,2022-01-19 00:00:00,OK,6
212,213,PP-02,Projetor de perfil,"0,001mm",0 Ö 100 mm,Mitutoyo,CTM, ,0.005,mm,00066/22,Curso de Mediá∆o - Eixo Y,0.003,0.002,0.005,mm,2022-01-19 00:00:00,OK,6
213,214,PP-02,Projetor de perfil,"0,001mm",0 Ö 100 mm,Mitutoyo,CTM, ,0.005,mm,00066/22,Curso de Mediá∆o - Eixo Y,0.002,0.002,0.004,mm,2022-01-19 00:00:00,OK,6
214,215,PP-02,Projetor de perfil,"0,001mm",0 Ö 100 mm,Mitutoyo,CTM, ,0.005,mm,00066/22,Curso de Mediá∆o - Eixo Y,0.002,0.002,0.004,mm,2022-01-19 00:00:00,OK,6
215,216,PP-02,Projetor de perfil,"0,001mm",0 Ö 100 mm,Mitutoyo,CTM, ,0.005,mm,00066/22,Curso de Mediá∆o - Eixo Y,0.003,0.002,0.005,mm,2022-01-19 00:00:00,OK,6
216,217,PP-02,Projetor de perfil,"0,001mm",0 Ö 100 mm,Mitutoyo,CTM, ,0.005,mm,00066/22,Curso de Mediá∆o - Eixo Y,0.001,0.002,0.003,mm,2022-01-19 00:00:00,OK,6
217,218,PP-02,Projetor de perfil,"0,001mm",0 Ö 100 mm,Mitutoyo,CTM, ,0.005,mm,00066/22,Curso de Mediá∆o - Eixo Y,0.0,0.002,0.002,mm,2022-01-19 00:00:00,OK,6
218,219,PP-02,Projetor de perfil,"0,001mm",0 Ö 100 mm,Mitutoyo,CTM, ,0.005,mm,00066/22,Curso de Mediá∆o - Eixo Y,-0.002,0.002,0.0,mm,2022-01-19 00:00:00,OK,6
219,220,PP-02,Projetor de perfil,"0,001mm",0 Ö 100 mm,Mitutoyo,CTM, ,0.005,mm,00066/22,Curso de Mediá∆o - Eixo Y,-0.022,0.002,-0.019999999999999997,mm,2022-01-19 00:00:00,OK,6
220,221,PP-02,Projetor de perfil,"0,001mm",0 Ö 100 mm,Mitutoyo,CTM, ,0.005,mm,00066/22,Curso de Mediá∆o - Eixo Y,-0.165,0.002,-0.163,mm,2022-01-19 00:00:00,OK,6
221,222,PP-02,Projetor de perfil,"0,001mm",0 Ö 100 mm,Mitutoyo,CTM, ,0.5,graus,00066/22,"Erro de indicaá∆o do goniìmetro 0¯ 0' 0""",0.0,41.0,0.001,mm,2022-01-19 00:00:00,OK,6
222,223,PP-02,Projetor de perfil,"0,001mm",0 Ö 100 mm,Mitutoyo,CTM, ,0.5,graus,00066/22,"Erro de indicaá∆o do goniìmetro 30¯ 1' 0""",0.0,41.0,0.001,mm,2022-01-19 00:00:00,OK,6
223,224,PP-02,Projetor de perfil,"0,001mm",0 Ö 100 mm,Mitutoyo,CTM, ,0.5,graus,00066/22,"Erro de indicaá∆o do goniìmetro 59¯ 57' 0""",0.0,41.0,0.001,mm,2022-01-19 00:00:00,OK,6
224,225,PP-02,Projetor de perfil,"0,001mm",0 Ö 100 mm,Mitutoyo,CTM, ,0.5,graus,00066/22,"Erro de indicaá∆o do goniìmetro 90¯ 4' 0""",0.0,41.0,0.001,mm,2022-01-19 00:00:00,OK,6
225,226,PP-02,Projetor de perfil,"0,001mm",0 Ö 100 mm,Mitutoyo,CTM, ,0.5,graus,00066/22,"Erro de indicaá∆o do goniìmetro 180¯ 2' 0""",0.0,41.0,0.001,mm,2022-01-19 00:00:00,OK,6
226,227,PP-02,Projetor de perfil,"0,001mm",0 Ö 100 mm,Mitutoyo,CTM, ,0.5,graus,00066/22,"Erro de indicaá∆o do goniìmetro 270¯ 13' 0""",0.0,41.0,0.001,mm,2022-01-19 00:00:00,OK,6
227,228,PP-02,Projetor de perfil,"0,001mm",0 Ö 100 mm,Mitutoyo,CTM, ,0.5,graus,00066/22,"Erro de indicaá∆o do goniìmetro 360¯ 21' 0""",0.0,41.0,0.001,mm,2022-01-19 00:00:00,OK,6
228,229,PRO-081,Micrìmetro Externo Digital,"0,001mm","0 a 25 mm x 0,001 mm",Mitutoyo,o Instalaá‰es do cliente, ,0.005,mm,09987/22,"Mediá∆o Externa 0,000",0.0,0.002,0.002,mm,2022-03-28 00:00:00,OK,6
229,230,PRO-081,Micrìmetro Externo Digital,"0,001mm","0 a 25 mm x 0,001 mm",Mitutoyo,o Instalaá‰es do cliente, ,0.005,mm,09987/22,"Mediá∆o Externa 2,500",-0.001,0.002,0.001,mm,2022-03-28 00:00:00,OK,6
230,231,PRO-081,Micrìmetro Externo Digital,"0,001mm","0 a 25 mm x 0,001 mm",Mitutoyo,o Instalaá‰es do cliente, ,0.005,mm,09987/22,"Mediá∆o Externa 5,100",0.0,0.002,0.002,mm,2022-03-28 00:00:00,OK,6
231,232,PRO-081,Micrìmetro Externo Digital,"0,001mm","0 a 25 mm x 0,001 mm",Mitutoyo,o Instalaá‰es do cliente, ,0.005,mm,09987/22,"Mediá∆o Externa 7,700",0.0,0.002,0.002,mm,2022-03-28 00:00:00,OK,6
232,233,PRO-081,Micrìmetro Externo Digital,"0,001mm","0 a 25 mm x 0,001 mm",Mitutoyo,o Instalaá‰es do cliente, ,0.005,mm,09987/22,"Mediá∆o Externa 10,300",0.0,0.002,0.002,mm,2022-03-28 00:00:00,OK,6
233,234,PRO-081,Micrìmetro Externo Digital,"0,001mm","0 a 25 mm x 0,001 mm",Mitutoyo,o Instalaá‰es do cliente, ,0.005,mm,09987/22,"Mediá∆o Externa 12,900",0.0,0.002,0.002,mm,2022-03-28 00:00:00,OK,6
234,235,PRO-081,Micrìmetro Externo Digital,"0,001mm","0 a 25 mm x 0,001 mm",Mitutoyo,o Instalaá‰es do cliente, ,0.005,mm,09987/22,"Mediá∆o Externa 15,000",0.0,0.002,0.002,mm,2022-03-28 00:00:00,OK,6
235,236,PRO-081,Micrìmetro Externo Digital,"0,001mm","0 a 25 mm x 0,001 mm",Mitutoyo,o Instalaá‰es do cliente, ,0.005,mm,09987/22,"Mediá∆o Externa 17,600",0.0,0.002,0.002,mm,2022-03-28 00:00:00,OK,6
236,237,PRO-081,Micrìmetro Externo Digital,"0,001mm","0 a 25 mm x 0,001 mm",Mitutoyo,o Instalaá‰es do cliente, ,0.005,mm,09987/22,"Mediá∆o Externa 20,200",0.0,0.002,0.002,mm,2022-03-28 00:00:00,OK,6
237,238,PRO-081,Micrìmetro Externo Digital,"0,001mm","0 a 25 mm x 0,001 mm",Mitutoyo,o Instalaá‰es do cliente, ,0.005,mm,09987/22,"Mediá∆o Externa 22,800",0.0,0.002,0.002,mm,2022-03-28 00:00:00,OK,6
238,239,PRO-081,Micrìmetro Externo Digital,"0,001mm","0 a 25 mm x 0,001 mm",Mitutoyo,o Instalaá‰es do cliente, ,0.005,mm,09987/22,"Mediá∆o Externa 25,000",0.0,0.002,0.002,mm,2022-03-28 00:00:00,OK,6
239,240,PRO-081,Micrìmetro Externo Digital,"0,001mm","0 a 25 mm x 0,001 mm",Mitutoyo,o Instalaá‰es do cliente, ,0.00128,mm,09987/22,Erro de Planeza da Face Fixa,0.00032,0.0003,0.00062,mm,2022-03-28 00:00:00,OK,6
240,241,PRO-081,Micrìmetro Externo Digital,"0,001mm","0 a 25 mm x 0,001 mm",Mitutoyo,o Instalaá‰es do cliente, ,0.00128,mm,09987/22,Erro de Planeza da Face M¢vel,0.00064,0.0003,0.00094,mm,2022-03-28 00:00:00,OK,6
241,242,PRO-081,Micrìmetro Externo Digital,"0,001mm","0 a 25 mm x 0,001 mm",Mitutoyo,o Instalaá‰es do cliente, ,0.00128,mm,09987/22,Erro de Paralelismo das Faces,0.00064,0.0003,0.00094,mm,2022-03-28 00:00:00,OK,6
242,243,MI-27/09,Micrìmetro Externo Digital,"0,001mm","0 a 25 mm x 0,001 mm",Mitutoyo,o Instalaá‰es do cliente, ,0.005,mm,09992/22,"Mediá∆o Externa 0,000",0.0,0.002,0.002,mm,2022-03-28 00:00:00,OK,6
243,244,MI-27/09,Micrìmetro Externo Digital,"0,001mm","0 a 25 mm x 0,001 mm",Mitutoyo,o Instalaá‰es do cliente, ,0.005,mm,09992/22,"Mediá∆o Externa 2,500",0.002,0.002,0.004,mm,2022-03-28 00:00:00,OK,6
244,245,MI-27/09,Micrìmetro Externo Digital,"0,001mm","0 a 25 mm x 0,001 mm",Mitutoyo,o Instalaá‰es do cliente, ,0.005,mm,09992/22,"Mediá∆o Externa 5,100",0.001,0.002,0.003,mm,2022-03-28 00:00:00,OK,6
245,246,MI-27/09,Micrìmetro Externo Digital,"0,001mm","0 a 25 mm x 0,001 mm",Mitutoyo,o Instalaá‰es do cliente, ,0.005,mm,09992/22,"Mediá∆o Externa 7,700",0.001,0.002,0.003,mm,2022-03-28 00:00:00,OK,6
246,247,MI-27/09,Micrìmetro Externo Digital,"0,001mm","0 a 25 mm x 0,001 mm",Mitutoyo,o Instalaá‰es do cliente, ,0.005,mm,09992/22,"Mediá∆o Externa 10,300",0.0,0.002,0.002,mm,2022-03-28 00:00:00,OK,6
247,248,MI-27/09,Micrìmetro Externo Digital,"0,001mm","0 a 25 mm x 0,001 mm",Mitutoyo,o Instalaá‰es do cliente, ,0.005,mm,09992/22,"Mediá∆o Externa 12,900",-0.001,0.002,0.001,mm,2022-03-28 00:00:00,OK,6
248,249,MI-27/09,Micrìmetro Externo Digital,"0,001mm","0 a 25 mm x 0,001 mm",Mitutoyo,o Instalaá‰es do cliente, ,0.005,mm,09992/22,"Mediá∆o Externa 15,000",-0.001,0.002,0.001,mm,2022-03-28 00:00:00,OK,6
249,250,MI-27/09,Micrìmetro Externo Digital,"0,001mm","0 a 25 mm x 0,001 mm",Mitutoyo,o Instalaá‰es do cliente, ,0.005,mm,09992/22,"Mediá∆o Externa 17,600",-0.001,0.002,0.001,mm,2022-03-28 00:00:00,OK,6
250,251,MI-27/09,Micrìmetro Externo Digital,"0,001mm","0 a 25 mm x 0,001 mm",Mitutoyo,o Instalaá‰es do cliente, ,0.005,mm,09992/22,"Mediá∆o Externa 20,200",0.001,0.002,0.003,mm,2022-03-28 00:00:00,OK,6
251,252,MI-27/09,Micrìmetro Externo Digital,"0,001mm","0 a 25 mm x 0,001 mm",Mitutoyo,o Instalaá‰es do cliente, ,0.005,mm,09992/22,"Mediá∆o Externa 22,800",0.001,0.002,0.003,mm,2022-03-28 00:00:00,OK,6
252,253,MI-27/09,Micrìmetro Externo Digital,"0,001mm","0 a 25 mm x 0,001 mm",Mitutoyo,o Instalaá‰es do cliente, ,0.005,mm,09992/22,"Mediá∆o Externa 25,000",0.001,0.002,0.003,mm,2022-03-28 00:00:00,OK,6
253,254,MI-27/09,Micrìmetro Externo Digital,"0,001mm","0 a 25 mm x 0,001 mm",Mitutoyo,o Instalaá‰es do cliente, ,0.00128,mm,09992/22,Erro de Planeza da Face Fixa,0.0,0.0003,0.0003,mm,2022-03-28 00:00:00,OK,6
254,255,MI-27/09,Micrìmetro Externo Digital,"0,001mm","0 a 25 mm x 0,001 mm",Mitutoyo,o Instalaá‰es do cliente, ,0.00128,mm,09992/22,Erro de Planeza da Face M¢vel,0.00032,0.0003,0.00062,mm,2022-03-28 00:00:00,OK,6
255,256,MI-27/09,Micrìmetro Externo Digital,"0,001mm","0 a 25 mm x 0,001 mm",Mitutoyo,o Instalaá‰es do cliente, ,0.00128,mm,09992/22,Erro de Paralelismo das Faces,0.00032,0.0003,0.00062,mm,2022-03-28 00:00:00,OK,6
256,257,PRO-020,Micrìmetro Externo Digital,"0,001mm","0 a 25 mm x 0,001 mm",Mitutoyo,o Instalaá‰es do cliente, ,0.005,mm,09979/22,"Mediá∆o Externa 0,000",0.0,0.002,0.002,mm,2022-03-28 00:00:00,OK,6
257,258,PRO-020,Micrìmetro Externo Digital,"0,001mm","0 a 25 mm x 0,001 mm",Mitutoyo,o Instalaá‰es do cliente, ,0.005,mm,09979/22,"Mediá∆o Externa 2,500",0.0,0.002,0.002,mm,2022-03-28 00:00:00,OK,6
258,259,PRO-020,Micrìmetro Externo Digital,"0,001mm","0 a 25 mm x 0,001 mm",Mitutoyo,o Instalaá‰es do cliente, ,0.005,mm,09979/22,"Mediá∆o Externa 5,100",0.0,0.002,0.002,mm,2022-03-28 00:00:00,OK,6
259,260,PRO-020,Micrìmetro Externo Digital,"0,001mm","0 a 25 mm x 0,001 mm",Mitutoyo,o Instalaá‰es do cliente, ,0.005,mm,09979/22,"Mediá∆o Externa 7,700",-0.001,0.002,0.001,mm,2022-03-28 00:00:00,OK,6
260,261,PRO-020,Micrìmetro Externo Digital,"0,001mm","0 a 25 mm x 0,001 mm",Mitutoyo,o Instalaá‰es do cliente, ,0.005,mm,09979/22,"Mediá∆o Externa 10,300",-0.001,0.002,0.001,mm,2022-03-28 00:00:00,OK,6
261,262,PRO-020,Micrìmetro Externo Digital,"0,001mm","0 a 25 mm x 0,001 mm",Mitutoyo,o Instalaá‰es do cliente, ,0.005,mm,09979/22,"Mediá∆o Externa 12,900",-0.001,0.002,0.001,mm,2022-03-28 00:00:00,OK,6
262,263,PRO-020,Micrìmetro Externo Digital,"0,001mm","0 a 25 mm x 0,001 mm",Mitutoyo,o Instalaá‰es do cliente, ,0.005,mm,09979/22,"Mediá∆o Externa 15,000",-0.001,0.002,0.001,mm,2022-03-28 00:00:00,OK,6
263,264,PRO-020,Micrìmetro Externo Digital,"0,001mm","0 a 25 mm x 0,001 mm",Mitutoyo,o Instalaá‰es do cliente, ,0.005,mm,09979/22,"Mediá∆o Externa 17,600",-0.001,0.002,0.001,mm,2022-03-28 00:00:00,OK,6
264,265,PRO-020,Micrìmetro Externo Digital,"0,001mm","0 a 25 mm x 0,001 mm",Mitutoyo,o Instalaá‰es do cliente, ,0.005,mm,09979/22,"Mediá∆o Externa 20,200",-0.001,0.002,0.001,mm,2022-03-28 00:00:00,OK,6
265,266,PRO-020,Micrìmetro Externo Digital,"0,001mm","0 a 25 mm x 0,001 mm",Mitutoyo,o Instalaá‰es do cliente, ,0.005,mm,09979/22,"Mediá∆o Externa 22,800",0.0,0.002,0.002,mm,2022-03-28 00:00:00,OK,6
266,267,PRO-020,Micrìmetro Externo Digital,"0,001mm","0 a 25 mm x 0,001 mm",Mitutoyo,o Instalaá‰es do cliente, ,0.005,mm,09979/22,"Mediá∆o Externa 25,000",0.0,0.002,0.002,mm,2022-03-28 00:00:00,OK,6
267,268,PRO-020,Micrìmetro Externo Digital,"0,001mm","0 a 25 mm x 0,001 mm",Mitutoyo,o Instalaá‰es do cliente, ,0.00128,mm,09979/22,Erro de Planeza da Face Fixa,0.00032,0.0003,0.00062,mm,2022-03-28 00:00:00,OK,6
268,269,PRO-020,Micrìmetro Externo Digital,"0,001mm","0 a 25 mm x 0,001 mm",Mitutoyo,o Instalaá‰es do cliente, ,0.00128,mm,09979/22,Erro de Planeza da Face M¢vel,0.00032,0.0003,0.00062,mm,2022-03-28 00:00:00,OK,6
269,270,PRO-020,Micrìmetro Externo Digital,"0,001mm","0 a 25 mm x 0,001 mm",Mitutoyo,o Instalaá‰es do cliente, ,0.00128,mm,09979/22,Erro de Paralelismo das Faces,0.00064,0.0003,0.00094,mm,2022-03-28 00:00:00,OK,6
270,271,MI-23/06,Micrìmetro Externo Digital,"0,001mm","0 a 25 mm x 0,001 mm",Mitutoyo,o Instalaá‰es do cliente, ,0.005,mm,09998/22,"Mediá∆o Externa 0,000",0.0,0.003,0.003,mm,2022-03-28 00:00:00,OK,6
271,272,MI-23/06,Micrìmetro Externo Digital,"0,001mm","0 a 25 mm x 0,001 mm",Mitutoyo,o Instalaá‰es do cliente, ,0.005,mm,09998/22,"Mediá∆o Externa 2,500",0.0,0.003,0.003,mm,2022-03-28 00:00:00,OK,6
272,273,MI-23/06,Micrìmetro Externo Digital,"0,001mm","0 a 25 mm x 0,001 mm",Mitutoyo,o Instalaá‰es do cliente, ,0.005,mm,09998/22,"Mediá∆o Externa 5,100",0.0,0.003,0.003,mm,2022-03-28 00:00:00,OK,6
273,274,MI-23/06,Micrìmetro Externo Digital,"0,001mm","0 a 25 mm x 0,001 mm",Mitutoyo,o Instalaá‰es do cliente, ,0.005,mm,09998/22,"Mediá∆o Externa 7,700",0.0,0.003,0.003,mm,2022-03-28 00:00:00,OK,6
274,275,MI-23/06,Micrìmetro Externo Digital,"0,001mm","0 a 25 mm x 0,001 mm",Mitutoyo,o Instalaá‰es do cliente, ,0.005,mm,09998/22,"Mediá∆o Externa 10,300",0.0,0.003,0.003,mm,2022-03-28 00:00:00,OK,6
275,276,MI-23/06,Micrìmetro Externo Digital,"0,001mm","0 a 25 mm x 0,001 mm",Mitutoyo,o Instalaá‰es do cliente, ,0.005,mm,09998/22,"Mediá∆o Externa 12,900",0.0,0.003,0.003,mm,2022-03-28 00:00:00,OK,6
276,277,MI-23/06,Micrìmetro Externo Digital,"0,001mm","0 a 25 mm x 0,001 mm",Mitutoyo,o Instalaá‰es do cliente, ,0.005,mm,09998/22,"Mediá∆o Externa 15,000",-0.001,0.003,0.002,mm,2022-03-28 00:00:00,OK,6
277,278,MI-23/06,Micrìmetro Externo Digital,"0,001mm","0 a 25 mm x 0,001 mm",Mitutoyo,o Instalaá‰es do cliente, ,0.005,mm,09998/22,"Mediá∆o Externa 17,600",0.0,0.003,0.003,mm,2022-03-28 00:00:00,OK,6
278,279,MI-23/06,Micrìmetro Externo Digital,"0,001mm","0 a 25 mm x 0,001 mm",Mitutoyo,o Instalaá‰es do cliente, ,0.005,mm,09998/22,"Mediá∆o Externa 20,200",0.0,0.003,0.003,mm,2022-03-28 00:00:00,OK,6
279,280,MI-23/06,Micrìmetro Externo Digital,"0,001mm","0 a 25 mm x 0,001 mm",Mitutoyo,o Instalaá‰es do cliente, ,0.005,mm,09998/22,"Mediá∆o Externa 22,800",0.0,0.003,0.003,mm,2022-03-28 00:00:00,OK,6
280,281,MI-23/06,Micrìmetro Externo Digital,"0,001mm","0 a 25 mm x 0,001 mm",Mitutoyo,o Instalaá‰es do cliente, ,0.005,mm,09998/22,"Mediá∆o Externa 25,000",0.0,0.003,0.003,mm,2022-03-28 00:00:00,OK,6
281,282,MI-23/06,Micrìmetro Externo Digital,"0,001mm","0 a 25 mm x 0,001 mm",Mitutoyo,o Instalaá‰es do cliente, ,0.00128,mm,09998/22,Erro de Planeza da Face Fixa,0.00032,0.0003,0.00062,mm,2022-03-28 00:00:00,OK,6
282,283,MI-23/06,Micrìmetro Externo Digital,"0,001mm","0 a 25 mm x 0,001 mm",Mitutoyo,o Instalaá‰es do cliente, ,0.00128,mm,09998/22,Erro de Planeza da Face M¢vel,0.00032,0.0003,0.00062,mm,2022-03-28 00:00:00,OK,6
283,284,MI-23/06,Micrìmetro Externo Digital,"0,001mm","0 a 25 mm x 0,001 mm",Mitutoyo,o Instalaá‰es do cliente, ,0.00128,mm,09998/22,Erro de Paralelismo das Faces,0.00064,0.0003,0.00094,mm,2022-03-28 00:00:00,OK,6
284,285,MI-35/12,Micrìmetro Externo Digital,"0,001mm","0 a 25 mm x 0,001 mm",Mitutoyo,o Instalaá‰es do cliente, ,0.005,mm,09980/22,"Mediá∆o Externa 0,000",0.0,0.002,0.002,mm,2022-03-28 00:00:00,OK,6
285,286,MI-35/12,Micrìmetro Externo Digital,"0,001mm","0 a 25 mm x 0,001 mm",Mitutoyo,o Instalaá‰es do cliente, ,0.005,mm,09980/22,"Mediá∆o Externa 2,500",0.0,0.002,0.002,mm,2022-03-28 00:00:00,OK,6
286,287,MI-35/12,Micrìmetro Externo Digital,"0,001mm","0 a 25 mm x 0,001 mm",Mitutoyo,o Instalaá‰es do cliente, ,0.005,mm,09980/22,"Mediá∆o Externa 5,100",0.0,0.002,0.002,mm,2022-03-28 00:00:00,OK,6
287,288,MI-35/12,Micrìmetro Externo Digital,"0,001mm","0 a 25 mm x 0,001 mm",Mitutoyo,o Instalaá‰es do cliente, ,0.005,mm,09980/22,"Mediá∆o Externa 7,700",0.0,0.002,0.002,mm,2022-03-28 00:00:00,OK,6
288,289,MI-35/12,Micrìmetro Externo Digital,"0,001mm","0 a 25 mm x 0,001 mm",Mitutoyo,o Instalaá‰es do cliente, ,0.005,mm,09980/22,"Mediá∆o Externa 10,300",0.0,0.002,0.002,mm,2022-03-28 00:00:00,OK,6
289,290,MI-35/12,Micrìmetro Externo Digital,"0,001mm","0 a 25 mm x 0,001 mm",Mitutoyo,o Instalaá‰es do cliente, ,0.005,mm,09980/22,"Mediá∆o Externa 12,900",0.0,0.002,0.002,mm,2022-03-28 00:00:00,OK,6
290,291,MI-35/12,Micrìmetro Externo Digital,"0,001mm","0 a 25 mm x 0,001 mm",Mitutoyo,o Instalaá‰es do cliente, ,0.005,mm,09980/22,"Mediá∆o Externa 15,000",0.0,0.002,0.002,mm,2022-03-28 00:00:00,OK,6
291,292,MI-35/12,Micrìmetro Externo Digital,"0,001mm","0 a 25 mm x 0,001 mm",Mitutoyo,o Instalaá‰es do cliente, ,0.005,mm,09980/22,"Mediá∆o Externa 17,600",0.0,0.002,0.002,mm,2022-03-28 00:00:00,OK,6
292,293,MI-35/12,Micrìmetro Externo Digital,"0,001mm","0 a 25 mm x 0,001 mm",Mitutoyo,o Instalaá‰es do cliente, ,0.005,mm,09980/22,"Mediá∆o Externa 20,200",0.0,0.002,0.002,mm,2022-03-28 00:00:00,OK,6
293,294,MI-35/12,Micrìmetro Externo Digital,"0,001mm","0 a 25 mm x 0,001 mm",Mitutoyo,o Instalaá‰es do cliente, ,0.005,mm,09980/22,"Mediá∆o Externa 22,800",0.0,0.002,0.002,mm,2022-03-28 00:00:00,OK,6
294,295,MI-35/12,Micrìmetro Externo Digital,"0,001mm","0 a 25 mm x 0,001 mm",Mitutoyo,o Instalaá‰es do cliente, ,0.005,mm,09980/22,"Mediá∆o Externa 25,000",0.0,0.002,0.002,mm,2022-03-28 00:00:00,OK,6
295,296,MI-35/12,Micrìmetro Externo Digital,"0,001mm","0 a 25 mm x 0,001 mm",Mitutoyo,o Instalaá‰es do cliente, ,0.00128,mm,09980/22,Erro de Planeza da Face Fixa,0.00032,0.0003,0.00062,mm,2022-03-28 00:00:00,OK,6
296,297,MI-35/12,Micrìmetro Externo Digital,"0,001mm","0 a 25 mm x 0,001 mm",Mitutoyo,o Instalaá‰es do cliente, ,0.00128,mm,09980/22,Erro de Planeza da Face M¢vel,0.00064,0.0003,0.00094,mm,2022-03-28 00:00:00,OK,6
297,298,MI-35/12,Micrìmetro Externo Digital,"0,001mm","0 a 25 mm x 0,001 mm",Mitutoyo,o Instalaá‰es do cliente, ,0.00128,mm,09980/22,Erro de Paralelismo das Faces,0.00096,0.0003,0.00126,mm,2022-03-28 00:00:00,OK,6
298,299,PRO-068,Micrìmetro Externo Digital,"0,001mm","0 a 25 mm x 0,001 mm",Mitutoyo,o Instalaá‰es do cliente, ,0.005,mm,09994/22,"Mediá∆o Externa 0,000",0.0,0.002,0.002,mm,2022-03-28 00:00:00,OK,6
299,300,PRO-068,Micrìmetro Externo Digital,"0,001mm","0 a 25 mm x 0,001 mm",Mitutoyo,o Instalaá‰es do cliente, ,0.005,mm,09994/22,"Mediá∆o Externa 2,500",0.001,0.002,0.003,mm,2022-03-28 00:00:00,OK,6
300,301,PRO-068,Micrìmetro Externo Digital,"0,001mm","0 a 25 mm x 0,001 mm",Mitutoyo,o Instalaá‰es do cliente, ,0.005,mm,09994/22,"Mediá∆o Externa 5,100",0.001,0.002,0.003,mm,2022-03-28 00:00:00,OK,6
301,302,PRO-068,Micrìmetro Externo Digital,"0,001mm","0 a 25 mm x 0,001 mm",Mitutoyo,o Instalaá‰es do cliente, ,0.005,mm,09994/22,"Mediá∆o Externa 7,700",0.001,0.002,0.003,mm,2022-03-28 00:00:00,OK,6
302,303,PRO-068,Micrìmetro Externo Digital,"0,001mm","0 a 25 mm x 0,001 mm",Mitutoyo,o Instalaá‰es do cliente, ,0.005,mm,09994/22,"Mediá∆o Externa 10,300",-0.001,0.002,0.001,mm,2022-03-28 00:00:00,OK,6
303,304,PRO-068,Micrìmetro Externo Digital,"0,001mm","0 a 25 mm x 0,001 mm",Mitutoyo,o Instalaá‰es do cliente, ,0.005,mm,09994/22,"Mediá∆o Externa 12,900",0.0,0.002,0.002,mm,2022-03-28 00:00:00,OK,6
304,305,PRO-068,Micrìmetro Externo Digital,"0,001mm","0 a 25 mm x 0,001 mm",Mitutoyo,o Instalaá‰es do cliente, ,0.005,mm,09994/22,"Mediá∆o Externa 15,000",0.001,0.002,0.003,mm,2022-03-28 00:00:00,OK,6
305,306,PRO-068,Micrìmetro Externo Digital,"0,001mm","0 a 25 mm x 0,001 mm",Mitutoyo,o Instalaá‰es do cliente, ,0.005,mm,09994/22,"Mediá∆o Externa 17,600",0.001,0.002,0.003,mm,2022-03-28 00:00:00,OK,6
306,307,PRO-068,Micrìmetro Externo Digital,"0,001mm","0 a 25 mm x 0,001 mm",Mitutoyo,o Instalaá‰es do cliente, ,0.005,mm,09994/22,"Mediá∆o Externa 20,200",0.001,0.002,0.003,mm,2022-03-28 00:00:00,OK,6
307,308,PRO-068,Micrìmetro Externo Digital,"0,001mm","0 a 25 mm x 0,001 mm",Mitutoyo,o Instalaá‰es do cliente, ,0.005,mm,09994/22,"Mediá∆o Externa 22,800",0.0,0.002,0.002,mm,2022-03-28 00:00:00,OK,6
308,309,PRO-068,Micrìmetro Externo Digital,"0,001mm","0 a 25 mm x 0,001 mm",Mitutoyo,o Instalaá‰es do cliente, ,0.005,mm,09994/22,"Mediá∆o Externa 25,000",0.0,0.002,0.002,mm,2022-03-28 00:00:00,OK,6
309,310,PRO-068,Micrìmetro Externo Digital,"0,001mm","0 a 25 mm x 0,001 mm",Mitutoyo,o Instalaá‰es do cliente, ,0.00128,mm,09994/22,Erro de Planeza da Face Fixa,0.00032,0.0003,0.00062,mm,2022-03-28 00:00:00,OK,6
310,311,PRO-068,Micrìmetro Externo Digital,"0,001mm","0 a 25 mm x 0,001 mm",Mitutoyo,o Instalaá‰es do cliente, ,0.00128,mm,09994/22,Erro de Planeza da Face M¢vel,0.00032,0.0003,0.00062,mm,2022-03-28 00:00:00,OK,6
311,312,PRO-068,Micrìmetro Externo Digital,"0,001mm","0 a 25 mm x 0,001 mm",Mitutoyo,o Instalaá‰es do cliente, ,0.00128,mm,09994/22,Erro de Paralelismo das Faces,0.00032,0.0003,0.00062,mm,2022-03-28 00:00:00,OK,6
312,313,PA-36,Paqu°metro Digital,"0,01mm",0-150mm,Mitutoyo,CTM, ,0.025,mm,07328/22,"Mediá∆o Externa 1,50 mm",0.0,0.01,0.01,mm,2022-02-11 00:00:00,OK,6
313,314,PA-36,Paqu°metro Digital,"0,01mm",0-150mm,Mitutoyo,CTM, ,0.025,mm,07328/22,"Mediá∆o Externa 10,00 mm",0.0,0.01,0.01,mm,2022-02-11 00:00:00,OK,6
314,315,PA-36,Paqu°metro Digital,"0,01mm",0-150mm,Mitutoyo,CTM, ,0.025,mm,07328/22,"Mediá∆o Externa 20,00 mm",0.0,0.01,0.01,mm,2022-02-11 00:00:00,OK,6
315,316,PA-36,Paqu°metro Digital,"0,01mm",0-150mm,Mitutoyo,CTM, ,0.025,mm,07328/22,"Mediá∆o Externa 50,00 mm",0.0,0.01,0.01,mm,2022-02-11 00:00:00,OK,6
316,317,PA-36,Paqu°metro Digital,"0,01mm",0-150mm,Mitutoyo,CTM, ,0.025,mm,07328/22,"Mediá∆o Externa 100,00 mm",0.0,0.01,0.01,mm,2022-02-11 00:00:00,OK,6
317,318,PA-36,Paqu°metro Digital,"0,01mm",0-150mm,Mitutoyo,CTM, ,0.025,mm,07328/22,"Mediá∆o Externa 150,00 mm",0.0,0.01,0.01,mm,2022-02-11 00:00:00,OK,6
318,319,PA-36,Paqu°metro Digital,"0,01mm",0-150mm,Mitutoyo,CTM, ,0.025,mm,07328/22,Paralelismo Externo,0.0,0.01,0.01,mm,2022-02-11 00:00:00,OK,6
319,320,PA-36,Paqu°metro Digital,"0,01mm",0-150mm,Mitutoyo,CTM, ,0.025,mm,07328/22,Mediá∆o Interna,-0.01,0.01,0.0,mm,2022-02-11 00:00:00,OK,6
320,321,PA-36,Paqu°metro Digital,"0,01mm",0-150mm,Mitutoyo,CTM, ,0.025,mm,07328/22,Paralelismo Interno,-0.01,0.01,0.0,mm,2022-02-11 00:00:00,OK,6
321,322,PA-36,Paqu°metro Digital,"0,01mm",0-150mm,Mitutoyo,CTM, ,0.025,mm,07328/22,Mediá∆o do Ressalto,0.0,0.01,0.01,mm,2022-02-11 00:00:00,OK,6
322,323,MI-34/12,Micrìmetro Externo Digital,"0,001mm","0 a 25 mm x 0,001 mm",Mitutoyo,o Instalaá‰es do cliente, ,0.005,mm,09988/22,"Mediá∆o Externa 0,000",0.0,0.002,0.002,mm,2022-03-28 00:00:00,OK,6
323,324,MI-34/12,Micrìmetro Externo Digital,"0,001mm","0 a 25 mm x 0,001 mm",Mitutoyo,o Instalaá‰es do cliente, ,0.005,mm,09988/22,"Mediá∆o Externa 2,500",-0.001,0.002,0.001,mm,2022-03-28 00:00:00,OK,6
324,325,MI-34/12,Micrìmetro Externo Digital,"0,001mm","0 a 25 mm x 0,001 mm",Mitutoyo,o Instalaá‰es do cliente, ,0.005,mm,09988/22,"Mediá∆o Externa 5,100",-0.001,0.002,0.001,mm,2022-03-28 00:00:00,OK,6
325,326,MI-34/12,Micrìmetro Externo Digital,"0,001mm","0 a 25 mm x 0,001 mm",Mitutoyo,o Instalaá‰es do cliente, ,0.005,mm,09988/22,"Mediá∆o Externa 7,700",-0.002,0.002,0.0,mm,2022-03-28 00:00:00,OK,6
326,327,MI-34/12,Micrìmetro Externo Digital,"0,001mm","0 a 25 mm x 0,001 mm",Mitutoyo,o Instalaá‰es do cliente, ,0.005,mm,09988/22,"Mediá∆o Externa 10,300",0.0,0.002,0.002,mm,2022-03-28 00:00:00,OK,6
327,328,MI-34/12,Micrìmetro Externo Digital,"0,001mm","0 a 25 mm x 0,001 mm",Mitutoyo,o Instalaá‰es do cliente, ,0.005,mm,09988/22,"Mediá∆o Externa 12,900",-0.001,0.002,0.001,mm,2022-03-28 00:00:00,OK,6
328,329,MI-34/12,Micrìmetro Externo Digital,"0,001mm","0 a 25 mm x 0,001 mm",Mitutoyo,o Instalaá‰es do cliente, ,0.005,mm,09988/22,"Mediá∆o Externa 15,000",-0.001,0.002,0.001,mm,2022-03-28 00:00:00,OK,6
329,330,MI-34/12,Micrìmetro Externo Digital,"0,001mm","0 a 25 mm x 0,001 mm",Mitutoyo,o Instalaá‰es do cliente, ,0.005,mm,09988/22,"Mediá∆o Externa 17,600",-0.001,0.002,0.001,mm,2022-03-28 00:00:00,OK,6
330,331,MI-34/12,Micrìmetro Externo Digital,"0,001mm","0 a 25 mm x 0,001 mm",Mitutoyo,o Instalaá‰es do cliente, ,0.005,mm,09988/22,"Mediá∆o Externa 20,200",0.0,0.002,0.002,mm,2022-03-28 00:00:00,OK,6
331,332,MI-34/12,Micrìmetro Externo Digital,"0,001mm","0 a 25 mm x 0,001 mm",Mitutoyo,o Instalaá‰es do cliente, ,0.005,mm,09988/22,"Mediá∆o Externa 22,800",0.0,0.002,0.002,mm,2022-03-28 00:00:00,OK,6
332,333,MI-34/12,Micrìmetro Externo Digital,"0,001mm","0 a 25 mm x 0,001 mm",Mitutoyo,o Instalaá‰es do cliente, ,0.005,mm,09988/22,"Mediá∆o Externa 25,000",0.0,0.002,0.002,mm,2022-03-28 00:00:00,OK,6
333,334,MI-34/12,Micrìmetro Externo Digital,"0,001mm","0 a 25 mm x 0,001 mm",Mitutoyo,o Instalaá‰es do cliente, ,0.00128,mm,09988/22,Erro de Planeza da Face Fixa,0.00032,0.0003,0.00062,mm,2022-03-28 00:00:00,OK,6
334,335,MI-34/12,Micrìmetro Externo Digital,"0,001mm","0 a 25 mm x 0,001 mm",Mitutoyo,o Instalaá‰es do cliente, ,0.00128,mm,09988/22,Erro de Planeza da Face M¢vel,0.00064,0.0003,0.00094,mm,2022-03-28 00:00:00,OK,6
335,336,MI-34/12,Micrìmetro Externo Digital,"0,001mm","0 a 25 mm x 0,001 mm",Mitutoyo,o Instalaá‰es do cliente, ,0.00128,mm,09988/22,Erro de Paralelismo das Faces,0.00064,0.0003,0.00094,mm,2022-03-28 00:00:00,OK,6
336,337,PRO-071,Micrìmetro Externo Digital,"0,001mm","13 a 25 mm x 0,001 mm",Mitutoyo,o Instalaá‰es do cliente, ,0.005,mm,09983/22,"Mediá∆o Externa 0,000",0.0,0.002,0.002,mm,2022-03-28 00:00:00,OK,6
337,338,PRO-071,Micrìmetro Externo Digital,"0,001mm","13 a 25 mm x 0,001 mm",Mitutoyo,o Instalaá‰es do cliente, ,0.005,mm,09983/22,"Mediá∆o Externa 2,500",0.0,0.002,0.002,mm,2022-03-28 00:00:00,OK,6
338,339,PRO-071,Micrìmetro Externo Digital,"0,001mm","13 a 25 mm x 0,001 mm",Mitutoyo,o Instalaá‰es do cliente, ,0.005,mm,09983/22,"Mediá∆o Externa 5,100",0.0,0.002,0.002,mm,2022-03-28 00:00:00,OK,6
339,340,PRO-071,Micrìmetro Externo Digital,"0,001mm","13 a 25 mm x 0,001 mm",Mitutoyo,o Instalaá‰es do cliente, ,0.005,mm,09983/22,"Mediá∆o Externa 7,700",-0.001,0.002,0.001,mm,2022-03-28 00:00:00,OK,6
340,341,PRO-071,Micrìmetro Externo Digital,"0,001mm","13 a 25 mm x 0,001 mm",Mitutoyo,o Instalaá‰es do cliente, ,0.005,mm,09983/22,"Mediá∆o Externa 10,300",-0.001,0.002,0.001,mm,2022-03-28 00:00:00,OK,6
341,342,PRO-071,Micrìmetro Externo Digital,"0,001mm","13 a 25 mm x 0,001 mm",Mitutoyo,o Instalaá‰es do cliente, ,0.005,mm,09983/22,"Mediá∆o Externa 12,900",0.0,0.002,0.002,mm,2022-03-28 00:00:00,OK,6
342,343,PRO-071,Micrìmetro Externo Digital,"0,001mm","13 a 25 mm x 0,001 mm",Mitutoyo,o Instalaá‰es do cliente, ,0.005,mm,09983/22,"Mediá∆o Externa 15,000",0.001,0.002,0.003,mm,2022-03-28 00:00:00,OK,6
343,344,PRO-071,Micrìmetro Externo Digital,"0,001mm","13 a 25 mm x 0,001 mm",Mitutoyo,o Instalaá‰es do cliente, ,0.005,mm,09983/22,"Mediá∆o Externa 17,600",-0.001,0.002,0.001,mm,2022-03-28 00:00:00,OK,6
344,345,PRO-071,Micrìmetro Externo Digital,"0,001mm","13 a 25 mm x 0,001 mm",Mitutoyo,o Instalaá‰es do cliente, ,0.005,mm,09983/22,"Mediá∆o Externa 20,200",-0.001,0.002,0.001,mm,2022-03-28 00:00:00,OK,6
345,346,PRO-071,Micrìmetro Externo Digital,"0,001mm","13 a 25 mm x 0,001 mm",Mitutoyo,o Instalaá‰es do cliente, ,0.005,mm,09983/22,"Mediá∆o Externa 22,800",-0.001,0.002,0.001,mm,2022-03-28 00:00:00,OK,6
346,347,PRO-071,Micrìmetro Externo Digital,"0,001mm","13 a 25 mm x 0,001 mm",Mitutoyo,o Instalaá‰es do cliente, ,0.005,mm,09983/22,"Mediá∆o Externa 25,000",-0.001,0.002,0.001,mm,2022-03-28 00:00:00,OK,6
347,348,PRO-071,Micrìmetro Externo Digital,"0,001mm","13 a 25 mm x 0,001 mm",Mitutoyo,o Instalaá‰es do cliente, ,0.00128,mm,09983/22,Erro de Planeza da Face Fixa,0.00032,0.0003,0.00062,mm,2022-03-28 00:00:00,OK,6
348,349,PRO-071,Micrìmetro Externo Digital,"0,001mm","13 a 25 mm x 0,001 mm",Mitutoyo,o Instalaá‰es do cliente, ,0.00128,mm,09983/22,Erro de Planeza da Face M¢vel,0.00032,0.0003,0.00062,mm,2022-03-28 00:00:00,OK,6
349,350,PRO-071,Micrìmetro Externo Digital,"0,001mm","13 a 25 mm x 0,001 mm",Mitutoyo,o Instalaá‰es do cliente, ,0.00128,mm,09983/22,Erro de Paralelismo das Faces,0.00064,0.0003,0.00094,mm,2022-03-28 00:00:00,OK,6
350,351,MI-29/11,Micrìmetro Externo Digital,"0,001mm","0 a 25 mm x 0,001 mm",Mitutoyo,o Instalaá‰es do cliente, ,0.005,mm,09984/22,"Mediá∆o Externa 0,000",0.0,0.002,0.002,mm,2022-03-28 00:00:00,OK,6
351,352,MI-29/11,Micrìmetro Externo Digital,"0,001mm","1 a 25 mm x 0,001 mm",Mitutoyo,o Instalaá‰es do cliente, ,0.005,mm,09984/22,"Mediá∆o Externa 2,500",0.0,0.002,0.002,mm,2022-03-28 00:00:00,OK,6
352,353,MI-29/11,Micrìmetro Externo Digital,"0,001mm","2 a 25 mm x 0,001 mm",Mitutoyo,o Instalaá‰es do cliente, ,0.005,mm,09984/22,"Mediá∆o Externa 5,100",0.0,0.002,0.002,mm,2022-03-28 00:00:00,OK,6
353,354,MI-29/11,Micrìmetro Externo Digital,"0,001mm","3 a 25 mm x 0,001 mm",Mitutoyo,o Instalaá‰es do cliente, ,0.005,mm,09984/22,"Mediá∆o Externa 7,700",0.0,0.002,0.002,mm,2022-03-28 00:00:00,OK,6
354,355,MI-29/11,Micrìmetro Externo Digital,"0,001mm","4 a 25 mm x 0,001 mm",Mitutoyo,o Instalaá‰es do cliente, ,0.005,mm,09984/22,"Mediá∆o Externa 10,300",0.0,0.002,0.002,mm,2022-03-28 00:00:00,OK,6
355,356,MI-29/11,Micrìmetro Externo Digital,"0,001mm","5 a 25 mm x 0,001 mm",Mitutoyo,o Instalaá‰es do cliente, ,0.005,mm,09984/22,"Mediá∆o Externa 12,900",0.0,0.002,0.002,mm,2022-03-28 00:00:00,OK,6
356,357,MI-29/11,Micrìmetro Externo Digital,"0,001mm","6 a 25 mm x 0,001 mm",Mitutoyo,o Instalaá‰es do cliente, ,0.005,mm,09984/22,"Mediá∆o Externa 15,000",0.0,0.002,0.002,mm,2022-03-28 00:00:00,OK,6
357,358,MI-29/11,Micrìmetro Externo Digital,"0,001mm","7 a 25 mm x 0,001 mm",Mitutoyo,o Instalaá‰es do cliente, ,0.005,mm,09984/22,"Mediá∆o Externa 17,600",0.0,0.002,0.002,mm,2022-03-28 00:00:00,OK,6
358,359,MI-29/11,Micrìmetro Externo Digital,"0,001mm","8 a 25 mm x 0,001 mm",Mitutoyo,o Instalaá‰es do cliente, ,0.005,mm,09984/22,"Mediá∆o Externa 20,200",0.0,0.002,0.002,mm,2022-03-28 00:00:00,OK,6
359,360,MI-29/11,Micrìmetro Externo Digital,"0,001mm","9 a 25 mm x 0,001 mm",Mitutoyo,o Instalaá‰es do cliente, ,0.005,mm,09984/22,"Mediá∆o Externa 22,800",0.0,0.002,0.002,mm,2022-03-28 00:00:00,OK,6
360,361,MI-29/11,Micrìmetro Externo Digital,"0,001mm","10 a 25 mm x 0,001 mm",Mitutoyo,o Instalaá‰es do cliente, ,0.005,mm,09984/22,"Mediá∆o Externa 25,000",0.0,0.002,0.002,mm,2022-03-28 00:00:00,OK,6
361,362,MI-29/11,Micrìmetro Externo Digital,"0,001mm","11 a 25 mm x 0,001 mm",Mitutoyo,o Instalaá‰es do cliente, ,0.00128,mm,09984/22,Erro de Planeza da Face Fixa,0.00032,0.0003,0.00062,mm,2022-03-28 00:00:00,OK,6
362,363,MI-29/11,Micrìmetro Externo Digital,"0,001mm","12 a 25 mm x 0,001 mm",Mitutoyo,o Instalaá‰es do cliente, ,0.00128,mm,09984/22,Erro de Planeza da Face M¢vel,0.00032,0.0003,0.00062,mm,2022-03-28 00:00:00,OK,6
363,364,MI-29/11,Micrìmetro Externo Digital,"0,001mm","13 a 25 mm x 0,001 mm",Mitutoyo,o Instalaá‰es do cliente, ,0.00128,mm,09984/22,Erro de Paralelismo das Faces,0.00064,0.0003,0.00094,mm,2022-03-28 00:00:00,OK,6
364,365,MI-31/11,Micrìmetro Externo Digital,"0,001mm","0 a 25 mm x 0,001 mm",Mitutoyo,o Instalaá‰es do cliente, ,0.005,mm,09991/22,"Mediá∆o Externa 0,000",0.0,0.002,0.002,mm,2022-03-28 00:00:00,OK,6
365,366,MI-31/11,Micrìmetro Externo Digital,"0,001mm","0 a 25 mm x 0,001 mm",Mitutoyo,o Instalaá‰es do cliente, ,0.005,mm,09991/22,"Mediá∆o Externa 2,500",0.0,0.002,0.002,mm,2022-03-28 00:00:00,OK,6
366,367,MI-31/11,Micrìmetro Externo Digital,"0,001mm","0 a 25 mm x 0,001 mm",Mitutoyo,o Instalaá‰es do cliente, ,0.005,mm,09991/22,"Mediá∆o Externa 5,100",0.0,0.002,0.002,mm,2022-03-28 00:00:00,OK,6
367,368,MI-31/11,Micrìmetro Externo Digital,"0,001mm","0 a 25 mm x 0,001 mm",Mitutoyo,o Instalaá‰es do cliente, ,0.005,mm,09991/22,"Mediá∆o Externa 7,700",0.001,0.002,0.003,mm,2022-03-28 00:00:00,OK,6
368,369,MI-31/11,Micrìmetro Externo Digital,"0,001mm","0 a 25 mm x 0,001 mm",Mitutoyo,o Instalaá‰es do cliente, ,0.005,mm,09991/22,"Mediá∆o Externa 10,300",0.001,0.002,0.003,mm,2022-03-28 00:00:00,OK,6
369,370,MI-31/11,Micrìmetro Externo Digital,"0,001mm","0 a 25 mm x 0,001 mm",Mitutoyo,o Instalaá‰es do cliente, ,0.005,mm,09991/22,"Mediá∆o Externa 12,900",0.0,0.002,0.002,mm,2022-03-28 00:00:00,OK,6
370,371,MI-31/11,Micrìmetro Externo Digital,"0,001mm","0 a 25 mm x 0,001 mm",Mitutoyo,o Instalaá‰es do cliente, ,0.005,mm,09991/22,"Mediá∆o Externa 15,000",0.001,0.002,0.003,mm,2022-03-28 00:00:00,OK,6
371,372,MI-31/11,Micrìmetro Externo Digital,"0,001mm","0 a 25 mm x 0,001 mm",Mitutoyo,o Instalaá‰es do cliente, ,0.005,mm,09991/22,"Mediá∆o Externa 17,600",0.001,0.002,0.003,mm,2022-03-28 00:00:00,OK,6
372,373,MI-31/11,Micrìmetro Externo Digital,"0,001mm","0 a 25 mm x 0,001 mm",Mitutoyo,o Instalaá‰es do cliente, ,0.005,mm,09991/22,"Mediá∆o Externa 20,200",0.0,0.002,0.002,mm,2022-03-28 00:00:00,OK,6
373,374,MI-31/11,Micrìmetro Externo Digital,"0,001mm","0 a 25 mm x 0,001 mm",Mitutoyo,o Instalaá‰es do cliente, ,0.005,mm,09991/22,"Mediá∆o Externa 22,800",0.001,0.002,0.003,mm,2022-03-28 00:00:00,OK,6
374,375,MI-31/11,Micrìmetro Externo Digital,"0,001mm","0 a 25 mm x 0,001 mm",Mitutoyo,o Instalaá‰es do cliente, ,0.005,mm,09991/22,"Mediá∆o Externa 25,000",0.001,0.002,0.003,mm,2022-03-28 00:00:00,OK,6
375,376,MI-31/11,Micrìmetro Externo Digital,"0,001mm","0 a 25 mm x 0,001 mm",Mitutoyo,o Instalaá‰es do cliente, ,0.00128,mm,09991/22,Erro de Planeza da Face Fixa,0.0,0.0003,0.0003,mm,2022-03-28 00:00:00,OK,6
376,377,MI-31/11,Micrìmetro Externo Digital,"0,001mm","0 a 25 mm x 0,001 mm",Mitutoyo,o Instalaá‰es do cliente, ,0.00128,mm,09991/22,Erro de Planeza da Face M¢vel,0.00032,0.0003,0.00062,mm,2022-03-28 00:00:00,OK,6
377,378,MI-31/11,Micrìmetro Externo Digital,"0,001mm","0 a 25 mm x 0,001 mm",Mitutoyo,o Instalaá‰es do cliente, ,0.00128,mm,09991/22,Erro de Paralelismo das Faces,0.00032,0.0003,0.00062,mm,2022-03-28 00:00:00,OK,6
